2019-06-10-14-38-30-702,15,-64.0292,429.165,3371.69,-82.863,247.586,3399.49,-231.003,233.242,3374,-277.405,-10.5953,3363.35,-255.162,-287.078,3286.08,65.9325,235.667,3423.29,100.561,-10.3425,3421.32,109.721,-283.788,3331.59,-89.0015,21.1771,3446.12,-95.1644,-161.095,3444.74,-201.087,-190.525,3443.99,-152.947,-558.536,3400.73,-135.943,-902.295,3556.18,-0.632957,-200.589,3485.35,-21.6151,-570.731,3438.7,-72.6307,-918.549,3576.71,-258.869,-240.998,3298.96,108.194,-238.214,3346.55,-80.8635,321.331,3384.3,2,2,2,2,2,2,2,2,2,2,2,2,2,2,2,2,2,2,2
2019-06-10-14-38-30-859,15,-64.2817,430.434,3369.91,-83.2944,249.591,3399.78,-231.121,234.752,3373.74,-276.771,-8.81823,3361.9,-258.335,-286.152,3285.95,65.5243,237.433,3422.46,102.141,-7.91278,3421.56,111.14,-281.245,3330.44,-89.3892,23.7504,3447.43,-95.6559,-158.203,3445.64,-200.975,-186.443,3444.65,-153.841,-554.591,3401.5,-137.472,-900.052,3552.29,-0.454431,-195.702,3483.35,-20.7588,-566.182,3439.46,-70.5304,-914.171,3576.93,-261.409,-239.93,3298.61,109.64,-235.689,3345.63,-81.3064,323.258,3384.24,2,2,2,2,2,2,2,2,2,2,2,2,2,2,2,2,2,2,2
2019-06-10-14-38-31-008,15,-65.0048,434.863,3365.33,-84.3,256.306,3400.88,-231.324,240.479,3373.75,-275.272,-2.18566,3359.62,-265.423,-280.184,3284.23,64.0854,243.147,3421.06,104.995,-0.392201,3421.66,114.166,-273.516,3329.12,-90.352,32.5359,3451.21,-96.9183,-148.685,3448.38,-199.177,-178.815,3446.26,-155.555,-547.303,3402.6,-141.425,-896.506,3541,-2.44815,-186.196,3480.67,-19.3723,-557.24,3440.58,-63.445,-907.753,3569.77,-267.066,-233.851,3296.8,112.637,-227.995,3344.54,-82.3136,329.749,3384.35,2,2,2,2,2,2,2,2,2,2,2,2,2,2,2,2,2,2,2
2019-06-10-14-38-31-145,15,-65.448,441.219,3359.65,-85.3693,265.104,3402.31,-230.116,246.144,3374.42,-273.481,4.94152,3357.37,-271.882,-273.769,3282.1,61.7187,249.529,3419.5,107.187,8.1741,3421.45,116.594,-264.694,3326.86,-91.4021,44.1659,3455.06,-98.3235,-136.095,3451.74,-197.31,-170.437,3447.4,-157.308,-539.245,3402.98,-145.092,-888.597,3539.25,-4.70127,-175.935,3477.78,-17.801,-547.517,3441.3,-52.083,-898.921,3568.28,-272.149,-227.317,3294.64,115.026,-219.216,3342.62,-83.3699,338.325,3384.81,2,2,2,2,2,2,2,2,2,2,2,2,2,2,2,2,2,2,2
2019-06-10-14-38-31-290,15,-65.5623,445.864,3355.73,-86.0642,271.144,3403.23,-228.399,248.861,3374.52,-272.013,8.49994,3356.02,-275.155,-270.079,3280.61,59.6535,253.098,3418.54,108.049,12.9749,3420.72,118.119,-259.654,3326.19,-92.058,51.9536,3456.41,-99.219,-127.318,3453.94,-197.472,-166.145,3447.21,-158.359,-535.186,3403.74,-146.439,-883.237,3541.29,-5.08137,-170.732,3476.05,-17.0323,-542.608,3441.85,-44.612,-895.526,3563.79,-274.632,-223.65,3293.17,116.441,-214.216,3341.95,-84.0636,344.309,3385.47,2,2,2,2,2,2,2,2,2,2,2,2,2,2,2,2,2,2,2
2019-06-10-14-38-31-428,15,-65.5039,448.197,3353.68,-86.4036,273.952,3403.59,-226.869,248.974,3374.14,-271.711,9.72109,3354.93,-274.91,-268.666,3279.61,58.422,254.196,3418.19,108.276,15.1745,3420.66,118.82,-257.407,3326.96,-92.2747,54.8676,3455.66,-99.5158,-123.306,3454.9,-199.313,-164.764,3445.85,-158.409,-533.828,3404.26,-146.891,-884.262,3532.09,-3.70278,-169.731,3475.48,-17.0741,-541.668,3442.32,-41.2126,-897.12,3553.48,-274.377,-222.268,3292.16,117.063,-211.977,3342.58,-84.4408,347.202,3386.18,2,2,2,2,2,2,2,2,2,2,2,2,2,2,2,2,2,2,2
2019-06-10-14-38-31-572,15,-65.1288,448.882,3352.52,-86.5002,274.743,3403.6,-226.361,248.827,3373.55,-272.301,10.5067,3354.41,-274.708,-267.526,3279.11,57.7198,253.781,3418.22,108.684,15.7266,3421.5,119.053,-256.424,3327.7,-92.2758,54.6011,3454.12,-99.5134,-122.3,3455.07,-201.48,-164.613,3444.92,-158.243,-533.558,3404.64,-146.992,-885.016,3526.12,-1.78979,-170.37,3475.25,-17.4618,-542.287,3442.85,-40.6008,-896.6,3554.06,-274.307,-221.188,3291.66,117.324,-211.066,3343.33,-84.5747,348.127,3386.75,2,2,2,2,2,2,2,2,2,2,2,2,2,2,2,2,2,2,2
2019-06-10-14-38-31-712,15,-64.4815,448.681,3351.61,-86.5059,274.609,3403.46,-226.371,248.563,3372.81,-273.586,11.0443,3354.6,-274.949,-266.502,3279.04,57.4515,252.998,3418.5,109.019,15.7156,3422.95,119.236,-256.158,3329.6,-92.2589,53.1005,3452.88,-99.4708,-122.508,3454.9,-202.963,-164.767,3444.76,-158.176,-533.598,3405.06,-147.011,-884.254,3525.73,-0.703695,-171.335,3475.74,-17.7306,-543.147,3442.77,-41.6041,-894.396,3559.68,-274.722,-220.244,3291.64,117.533,-210.845,3345.16,-84.5973,348.096,3387.07,2,2,2,2,2,2,2,2,2,2,2,2,2,2,2,2,2,2,2
2019-06-10-14-38-31-853,15,-63.8869,448.782,3352.73,-86.5031,274.242,3403.82,-226.767,248.38,3372.95,-275.786,11.657,3356.04,-276.545,-265.315,3279.89,57.0106,252.424,3421.25,109.644,15.9167,3426.51,119.334,-256.602,3336.31,-92.3125,52.1236,3453.84,-99.5176,-122.382,3456.37,-203.429,-164.878,3446.51,-158.813,-533.502,3404.76,-146.872,-882.657,3528.41,-0.618615,-172.107,3477.08,-17.8288,-543.725,3442.1,-42.3612,-894.257,3559.84,-276.419,-219.153,3292.58,117.719,-211.182,3351.34,-84.5818,347.697,3387.28,2,2,2,2,2,2,2,2,2,2,2,2,2,2,2,2,2,2,2
2019-06-10-14-38-32-005,15,-65.0508,449.644,3355.86,-87.533,274.012,3404.99,-230.447,252.261,3376.05,-279.74,16.1371,3358.9,-282.206,-260.797,3284.15,55.4751,251.133,3427.06,109.747,15.6383,3435.49,119.617,-259.209,3354.42,-96.3033,52.6758,3457.62,-103.466,-121.102,3460.83,-206.591,-165.48,3452.14,-160.268,-533.072,3404.02,-146.657,-881.66,3529.54,-5.07866,-171.964,3479.92,-17.2937,-543.344,3441.01,-42.9353,-894.608,3556.8,-281.795,-214.641,3296.61,117.972,-213.401,3367.93,-84.6301,347.224,3387.58,2,2,2,2,2,2,2,2,2,2,2,2,2,2,2,2,2,2,2
2019-06-10-14-38-32-152,15,-70.6544,450.993,3359.5,-90.4144,274.071,3406.82,-234.611,254.436,3379.11,-287.434,19.5134,3362.74,-291.864,-258.753,3295.97,52.8806,251.12,3432.33,108.405,17.4314,3453.37,120.173,-258.514,3378.29,-102.207,54.474,3463.69,-109.563,-118.889,3467.24,-211.672,-165.694,3461.53,-163.82,-531.598,3403.53,-146.326,-879.783,3529.86,-12.5704,-171.884,3486.54,-16.4414,-542.461,3439.9,-43.5831,-893.615,3555.92,-291.126,-212.375,3307.09,118.212,-212.523,3390.8,-86.5011,346.867,3387.96,2,2,2,2,2,2,2,2,2,2,2,2,2,2,2,2,2,2,2
2019-06-10-14-38-32-292,15,-79.6843,452.455,3364.09,-96.2505,274.185,3408.39,-240.053,255.79,3379.5,-297.002,21.7037,3363.35,-294.302,-256.873,3301.38,43.6417,248.126,3438.82,103.112,17.8287,3477.42,129.977,-250.044,3385.26,-111.291,56.3929,3468.55,-118.571,-116.645,3472.12,-218.964,-163.917,3461.76,-169.73,-529.662,3403.43,-146.22,-878.012,3529.95,-24.2284,-172.889,3492.51,-15.6521,-542.36,3438.8,-43.9333,-893.031,3557.77,-294.751,-210.444,3311.71,125.489,-205.405,3400.62,-91.2446,346.61,3388.38,2,2,2,2,2,2,2,2,2,2,2,2,2,2,2,2,2,2,2
2019-06-10-14-38-32-431,15,-88.3921,453.434,3368.17,-103.917,274.002,3408.59,-246.648,255.271,3377.64,-304.83,20.6655,3358.5,-294.662,-257.155,3299.74,35.0199,251.496,3448.52,101.416,21.6821,3486.72,129.078,-243.531,3389.6,-120.595,57.0682,3467.91,-127.563,-115.584,3471.47,-225.716,-161.477,3456.35,-175.712,-527.965,3403.71,-146.19,-877.142,3530.27,-35.5042,-171.142,3493.73,-16.1551,-540.042,3438.24,-43.8338,-891.603,3558.54,-296.356,-210.851,3309.54,124.463,-199.332,3405.79,-98.3452,346.453,3388.78,2,2,2,2,2,2,2,2,2,2,2,2,2,2,2,2,2,2,2
2019-06-10-14-38-32-568,15,-96.4173,454.016,3371.23,-111.867,273.468,3407.09,-253.312,254.625,3372.21,-309.546,18.7075,3348.16,-296.757,-260.456,3298.28,28.9226,257.27,3454.8,61.0767,20.556,3488.88,103.778,-243.014,3393.48,-129.692,56.3839,3460.48,-136.532,-115.761,3464.17,-233.715,-157.955,3449.25,-175.577,-523.99,3402.63,-146.613,-874.135,3529.65,-46.2014,-166.866,3490.74,-17.6101,-535.621,3437.77,-44.3891,-888.397,3557.81,-298.889,-213.929,3306.59,96.6613,-199.087,3409.38,-105.883,346.358,3389.17,2,2,2,2,2,2,2,2,2,2,2,2,2,2,2,2,2,2,2
2019-06-10-14-38-32-710,15,-105.065,454.309,3372.44,-119.261,272.784,3404.46,-259.339,255.156,3359.2,-312.386,15.1477,3337.66,-301.419,-263.809,3292.57,24.9719,263.88,3457.07,98.4679,44.2565,3519.83,249.503,-149.872,3496.38,-136.242,54.8722,3449.42,-142.794,-116.72,3454.09,-240.035,-155.839,3444.67,-178.145,-519.554,3404.67,-146.75,-870.155,3528.09,-52.8154,-161.736,3485.2,-23.2623,-528.999,3440.34,-44.7158,-883.155,3555.28,-303.248,-217.317,3300.09,224.577,-117.316,3500.29,-113.535,346.295,3389.31,2,2,2,2,2,2,2,2,2,2,2,2,2,2,2,2,2,2,2
2019-06-10-14-38-32-852,15,-113.466,454.486,3371.83,-125.836,272.244,3401,-261.903,256.416,3337.55,-312.764,14.023,3317.96,-303.976,-265.814,3278.46,19.2757,268.601,3458.84,80.3929,54.0882,3556.13,233.801,-113.138,3656.55,-140.172,53.7781,3440.19,-145.367,-117.338,3444.98,-243.053,-153.73,3439.38,-178.266,-513.407,3405.59,-147.111,-865.069,3526,-55.4049,-156.869,3480.27,-27.1502,-520.866,3442.31,-45.632,-876.866,3551.93,-305.442,-219.175,3285.04,208.222,-85.089,3639.82,-120.985,346.199,3387.74,2,2,2,2,2,2,2,2,2,2,2,2,2,2,2,2,2,2,2
2019-06-10-14-38-32-987,15,-119.064,454.398,3367.44,-131.791,271.967,3395.3,-259.487,258.027,3309.96,-311.585,16.9659,3282.43,-299.254,-264.612,3250.85,8.31138,270.829,3462.19,31.2729,70.4979,3596.47,172.147,-61.1446,3781.64,-142.716,53.6565,3433.37,-145.84,-117.076,3436.83,-243.036,-152.606,3427.3,-179.787,-512.101,3407.08,-147.409,-862.57,3524.92,-57.5163,-154.317,3477.17,-30.316,-517.481,3443.34,-47.4142,-872.459,3550.34,-301.309,-217.684,3256.12,148.569,-39.1206,3750.78,-128.086,346.069,3382.38,2,2,2,2,2,2,2,2,2,2,2,2,2,2,2,2,2,2,2
2019-06-10-14-38-33-129,15,-120.544,453.96,3359.24,-136.139,271.895,3386.49,-253.445,256.63,3283.72,-309.363,18.7423,3241.95,-267.204,-258.839,3219.48,-3.70479,274.138,3463.99,20.4845,118.484,3646.73,152.691,52.2155,3882.03,-143.406,54.3445,3426.87,-145.322,-116.051,3429.23,-240.963,-150.639,3412.11,-179.271,-510.803,3407.51,-147.898,-859.685,3523.04,-59.8822,-152.397,3474.76,-33.2991,-515.853,3444.64,-49.9242,-869.305,3548.78,-274.223,-212.576,3223.22,130.577,63.2616,3842.82,-133.67,345.902,3372.75,2,2,2,2,2,2,2,2,2,2,2,2,2,2,2,2,2,2,2
2019-06-10-14-38-33-281,15,-115.867,453.145,3353.1,-137.372,272.297,3378.09,-248.538,251.781,3268.24,-302.682,13.5604,3213.4,-236.864,-258.75,3211.33,-7.53702,287.872,3463.31,47.32,213.69,3682.1,179.397,261.48,3915.47,-142.736,57.0927,3426.32,-144.431,-113.187,3429.09,-241.555,-144.636,3410.01,-179.355,-507.575,3407.52,-148.588,-854.973,3520.63,-59.8295,-151.733,3476.45,-36.8356,-518.065,3446.58,-53.6618,-869.994,3548.04,-247.819,-213.362,3211.67,157.345,253.376,3876.58,-135.544,345.729,3361.63,2,2,2,2,2,2,2,2,2,2,2,2,2,2,2,2,2,2,2
2019-06-10-14-38-33-429,15,-108.868,452.29,3349.85,-134.971,273.413,3374.04,-248.12,248.881,3265.15,-300.249,7.36163,3219.44,-248.974,-265.36,3197.38,-13.0742,299.239,3467.74,94.4943,312.997,3677.2,233.498,468.551,3846.07,-138.351,62.6374,3435.19,-142.685,-107.983,3438.13,-239.813,-138.501,3415.73,-179.773,-506.546,3407.91,-149.153,-851.254,3518.66,-58.2765,-151.596,3482.39,-38.4313,-522.829,3451.68,-55.4015,-872.879,3547.6,-257.496,-219.902,3201.06,210.288,442.315,3817.93,-133.815,345.628,3353.07,2,2,2,2,2,2,2,2,2,2,2,2,2,2,2,2,2,2,2
2019-06-10-14-38-33-568,15,-102.358,451.957,3348.72,-129.624,275.234,3375.27,-251.887,246.898,3278.97,-303.154,2.38281,3269.29,-285.779,-270.042,3229.08,-4.76108,311.503,3463.17,158.164,410.483,3590.92,286.321,636.816,3643.91,-129.989,70.6904,3452.05,-139.25,-100.691,3455.12,-237.018,-136.502,3440.56,-176.615,-502.285,3406.07,-149.632,-845.55,3516.53,-54.6388,-152.313,3491.6,-37.8706,-523.601,3458.1,-55.5018,-872.746,3550.6,-288.641,-224.64,3235.78,264.93,598.71,3635.08,-129.503,345.591,3348.84,2,2,2,2,2,2,2,2,2,2,2,2,2,2,2,2,2,2,2
2019-06-10-14-38-33-718,15,-97.3427,452.395,3350.2,-121.744,276.977,3382,-257.101,247.9,3321.4,-313.763,4.736,3341.71,-304.582,-266.566,3288.48,15.4693,317.129,3448.15,200.463,453.063,3455.88,284.76,700.225,3399.84,-117.894,77.8931,3471.18,-131.706,-94.3974,3474.87,-229.383,-135.689,3469.88,-175.219,-497.911,3404.84,-150.08,-839.727,3514.55,-47.0905,-153.405,3501.19,-34.4538,-522.977,3452.95,-54.151,-868.445,3551.55,-306.097,-221.353,3297.35,270.778,658.814,3409.18,-123.074,345.623,3351.24,2,2,2,2,2,2,2,2,2,2,2,2,2,2,2,2,2,2,2
2019-06-10-14-38-33-862,15,-91.559,451.906,3356.23,-111.214,277.68,3391.48,-251.379,250.047,3375.42,-310.364,6.31474,3396.48,-289.001,-266.043,3350.5,38.9847,308.528,3419.96,211.372,430.247,3316.31,250.744,669.306,3186.21,-102.197,80.4755,3484.83,-117.261,-92.4719,3487.89,-214.153,-135.707,3484.97,-174.7,-498.359,3409.13,-149.841,-843.484,3515.51,-30.0757,-150.901,3498.24,-26.7192,-520.079,3445.25,-51.8243,-866.064,3548.53,-292.552,-220.648,3358.16,244.256,629.463,3207.89,-114.321,345.721,3359.28,2,2,2,2,2,2,2,2,2,2,2,2,2,2,2,2,2,2,2
2019-06-10-14-38-34-002,15,-84.4503,452.385,3367.39,-98.4299,277.206,3401.14,-238.161,254.708,3421.79,-286.775,8.44958,3429.54,-249.36,-262.484,3379,56.261,295.082,3394.37,188.829,369.955,3207.76,208.754,573.012,3016.11,-84.4327,78.1739,3490.1,-97.3837,-94.9978,3491.08,-192.903,-137.568,3490.09,-174.45,-501.428,3424.65,-149.269,-852.377,3517.31,-8.01096,-148.429,3491.01,-16.0439,-516.181,3446.03,-49.4421,-865.796,3541.25,-255.595,-217.327,3387.43,205.449,539.311,3048.05,-103.247,345.849,3370.47,2,2,2,2,2,2,2,2,2,2,2,2,2,2,2,2,2,2,2
2019-06-10-14-38-34-138,15,-73.9762,452.923,3380.75,-85.2461,275.957,3408.43,-223.933,261.198,3452.14,-241.985,15.1232,3427.27,-218.336,-259.523,3395.21,64.7341,277.677,3375.04,146.487,291.22,3142.87,148.851,392.9,2893.54,-69.0996,72.79,3486.85,-78.4115,-100.116,3485.94,-172.729,-138.665,3489.94,-172.905,-505.925,3445.16,-148.848,-860.062,3518.13,10.9491,-148.909,3486.14,-12.1168,-517.373,3456.56,-48.0488,-869.706,3533.19,-222.289,-213.75,3400.55,148.45,376.229,2935.09,-90.8038,345.978,3381.4,2,2,2,2,2,2,2,2,2,2,2,2,2,2,2,2,2,2,2
2019-06-10-14-38-34-275,15,-58.3316,451.896,3391.03,-72.5465,274.473,3412.65,-206.944,265.594,3469.56,-200.268,24.8205,3411.22,-208.649,-250.486,3402.58,66.6054,260.54,3358.76,122.17,165.078,3149.81,115.387,205.549,2875.08,-60.7846,66.5237,3478,-67.0212,-105.71,3477.88,-159.872,-139.447,3487.27,-170.039,-506.857,3451.83,-148.85,-862.398,3517.95,19.7049,-151.983,3483.06,-10.7444,-519.034,3455.38,-48.455,-869.42,3538.56,-207.28,-204.603,3404.02,116.484,198.924,2920.87,-76.6032,346.098,3390.14,2,2,2,2,2,2,2,2,2,2,2,2,2,2,2,2,2,2,2
2019-06-10-14-38-34-413,15,-38.6832,450.091,3393.38,-59.8024,273.263,3412.29,-187.325,264.001,3476.46,-168.739,29.346,3393.22,-215.564,-240.728,3406.73,67.6039,247.662,3339.58,99.2613,70.1032,3185.16,65.2951,4.17511,2928.48,-57.8445,61.4108,3465.58,-64.1874,-110.137,3468.06,-154.856,-144.365,3481.45,-164.912,-513.21,3453.74,-148.791,-870.901,3518.67,18.6374,-159.263,3477.61,-10.234,-527.526,3458.53,-51.0669,-875.551,3555.29,-207.789,-195.714,3404.48,70.8774,15.0132,2971.26,-60.4916,346.153,3393.95,2,2,2,2,2,2,2,2,2,2,2,2,2,2,2,2,2,2,2
2019-06-10-14-38-34-551,15,-19.6298,447.8,3385.68,-46.6453,272.393,3407.37,-166.188,261.797,3479.19,-148.15,32.3813,3379.05,-229.62,-231.387,3410.52,70.3237,235.721,3326.35,86.9218,11.2396,3224.12,39.5497,-154.032,3022.08,-54.1535,58.667,3451.81,-63.0569,-112.237,3454.87,-155.129,-140.083,3471.33,-159.654,-508.828,3454.47,-149.202,-870.259,3515.91,24.8301,-149.537,3448.73,-16.0911,-515.74,3453.59,-52.0043,-867.714,3549.32,-216.058,-187.424,3405.27,47.3743,-126.784,3055.75,-44.0654,346.014,3392.06,2,2,2,2,2,2,2,2,2,2,2,2,2,2,2,2,2,2,2
2019-06-10-14-38-34-694,15,-4.0335,444.652,3369.22,-33.7643,272,3400.83,-154.097,266.798,3471.6,-143,33.5715,3379.71,-229.393,-231.415,3408.15,82.6155,229.268,3329.71,82.1995,-14.8637,3254.26,39.3175,-252.021,3134.59,-47.811,58.3506,3441.27,-59.5776,-111.968,3441.81,-150.776,-137.154,3467.92,-157.371,-507.562,3454.22,-149.472,-872.728,3510.44,33.5103,-140.199,3431.14,-22.8064,-506.014,3441.87,-54.4826,-860.427,3541.14,-214.993,-187.25,3403.41,46.4662,-212.709,3154.54,-28.9024,345.868,3386.85,2,2,2,2,2,2,2,2,2,2,2,2,2,2,2,2,2,2,2
2019-06-10-14-38-34-835,15,7.61968,440.084,3349.99,-22.8094,271.934,3394.75,-149.284,272.377,3458.65,-159.619,31.9463,3432.43,-223.811,-231.092,3399.24,106.332,236.426,3342.41,80.3147,-9.22791,3271.23,62.695,-283.16,3222.88,-39.0836,59.6089,3435.26,-52.0716,-110.362,3432.36,-141.452,-133.981,3466.56,-157.313,-506.024,3453.94,-149.849,-873.397,3509.43,44.3214,-133.28,3424.6,-27.1165,-498.658,3429.36,-52.4946,-852.498,3539.32,-213.162,-187.256,3404.77,65.6986,-237.525,3230.93,-17.145,345.768,3380.66,2,2,2,2,2,2,2,2,2,2,2,2,2,2,2,2,2,2,2
2019-06-10-14-38-34-972,15,14.7697,436.364,3335.41,-15.0176,272.338,3390.94,-153.426,282.147,3439.07,-188.371,76.5933,3525,-218.323,-171.603,3426.93,125.689,246.2,3362.7,80.2638,11.4297,3274.77,93.2367,-273.735,3267.43,-30.5112,62.5331,3435.68,-42.0873,-107.504,3429.63,-130.604,-129.385,3465.25,-157.199,-503.593,3453.91,-150.384,-872.08,3507.05,54.392,-128.89,3428.68,-27.1356,-494.988,3420.91,-51.426,-849.772,3531.02,-213.414,-130.278,3443.28,91.1251,-226.122,3268.66,-9.59287,345.843,3375.25,2,2,2,2,2,2,2,2,2,2,2,2,2,2,2,2,2,2,2
2019-06-10-14-38-35-106,15,19.033,434.989,3326.07,-10.007,273.203,3390.08,-157.825,284.67,3415.92,-225.997,283.05,3553.98,-269.913,304.455,3522.24,135.802,250.487,3374.64,83.3408,28.1953,3266.53,117.48,-255.464,3289.86,-23.4113,66.884,3442.81,-32.2378,-103.573,3434.8,-120.88,-125.263,3465.75,-156.946,-501.038,3453.88,-150.909,-870.043,3502.77,60.1941,-129.265,3443.3,-23.1848,-496.789,3420.6,-50.8247,-850.197,3534.17,-262.665,301.635,3527.53,111.805,-208.081,3285.97,-5.2868,346.009,3371.46,2,2,2,2,2,2,2,2,2,2,2,2,2,2,2,2,2,2,2
2019-06-10-14-38-35-240,15,22.3297,434.943,3321.12,-6.9519,274.505,3391.71,-155.589,285.357,3414.08,-257.086,413.3,3530.81,-328.505,584.498,3535.79,139.015,251.906,3381.72,94.5389,29.1684,3273.14,136.415,-250.719,3307.56,-18.6659,72.1165,3455.13,-25.5727,-98.9033,3447.06,-114.987,-122.943,3470.71,-155.9,-499.332,3454.28,-151.583,-869.577,3498.89,62.0055,-132.136,3461.86,-18.0352,-501.095,3429.52,-50.2716,-849.442,3558.11,-316.662,556.458,3534.96,129.424,-203.991,3301.82,-2.81022,346.203,3369.23,2,2,2,2,2,2,2,2,2,2,2,2,2,2,2,2,2,2,2
2019-06-10-14-38-35-373,15,27.1056,434.197,3318.27,-6.05963,276.198,3395.11,-155.279,289.152,3413.17,-277.42,483.035,3472.72,-369.73,722.657,3457.35,131.695,242.37,3381.77,117.31,10.1782,3295.12,147.999,-265.432,3344.94,-18.0585,78.331,3471.4,-24.1717,-93.2408,3464.26,-114.181,-122.522,3481.51,-156.265,-498.75,3453.82,-151.755,-869.229,3496.18,61.2577,-133.395,3480.24,-14.8555,-502.964,3437.97,-50.3586,-853.227,3560.36,-354.345,682.867,3459.91,142.862,-219.445,3336.64,-1.81277,346.281,3368.1,2,2,2,2,2,2,2,2,2,2,2,2,2,2,2,2,2,2,2
2019-06-10-14-38-35-508,15,35.1227,431.416,3316.49,-7.01405,277.782,3398.31,-157.506,303.032,3414.19,-291.987,514.449,3397.93,-384.04,774.683,3339.91,128.578,240.222,3384.32,134.992,-3.01052,3333.95,155.771,-276.738,3391.19,-22.2304,83.7633,3485.24,-28.2465,-88.3009,3479.69,-118.993,-123.05,3490.39,-157.877,-498.049,3451.63,-151.639,-868.763,3497.9,57.6668,-132.672,3493.19,-12.0334,-501.295,3438.82,-50.4167,-856.614,3546.74,-368.685,731.328,3349.58,152.291,-231.09,3381.65,-1.64246,346.304,3367.62,2,2,2,2,2,2,2,2,2,2,2,2,2,2,2,2,2,2,2
2019-06-10-14-38-35-642,15,45.1087,427.87,3317.56,-9.18076,278.762,3399.96,-161.9,315.484,3399.63,-295.322,510.974,3307.32,-372.601,767.968,3202.71,131.476,246.527,3379.82,131.828,-2.45205,3379.06,159.589,-275.144,3443.4,-30.2149,86.7291,3492.51,-38.1696,-85.5388,3488.76,-130.125,-123.396,3493.23,-159.969,-495.738,3446.77,-151.419,-865.868,3504.6,49.5346,-130.427,3503.74,-12.5908,-496.95,3443.66,-50.5959,-859.419,3528.59,-359.728,725.14,3220.14,154.953,-229.683,3432.67,-1.79012,346.299,3367.43,2,2,2,2,2,2,2,2,2,2,2,2,2,2,2,2,2,2,2
2019-06-10-14-38-35-776,15,52.8897,426.951,3322.97,-12.328,279.292,3400.19,-163.877,321.799,3376.58,-295.752,461.868,3216.7,-351.947,698.681,3067.8,131.151,257.512,3401.96,122.32,6.45283,3423.92,150.465,-264.95,3492.05,-41.8766,87.8055,3494.12,-53.2131,-83.8875,3493.22,-147.042,-122.104,3492.27,-164.847,-488.457,3429.88,-151.827,-851.943,3509.48,34.4406,-129.271,3515.92,-15.6359,-492.926,3453.16,-50.3466,-854.659,3535.67,-342.604,659.245,3092.61,145.77,-219.714,3480.7,-2.00391,346.291,3367.33,2,2,2,2,2,2,2,2,2,2,2,2,2,2,2,2,2,2,2
2019-06-10-14-38-35-914,15,56.6668,430.105,3334.78,-15.9776,279.553,3399.29,-157.857,312.471,3343.5,-275.445,410.678,3140.37,-309.702,616.307,2951.05,128.674,270.726,3425.37,113.496,22.6443,3476.94,137.477,-248.406,3543.57,-55.7477,87.2362,3491.67,-72.4782,-84.8576,3494.94,-166.927,-119.54,3483.63,-174.484,-482.635,3410.3,-152.857,-839.613,3505.5,13.6996,-130.992,3522.72,-23.7727,-495.319,3466.31,-50.6137,-857.871,3536.9,-304.019,582.095,2982.61,133.48,-203.233,3532.46,-2.20113,346.291,3367.22,2,2,2,2,2,2,2,2,2,2,2,2,2,2,2,2,2,2,2
2019-06-10-14-38-36-047,15,52.6324,436.116,3353.11,-20.8531,279.673,3397.87,-151.866,302.979,3319.11,-241.137,357.69,3083.75,-246.274,522.872,2857.45,111.859,278.574,3455.26,96.5882,33.8666,3530.99,122.25,-238.148,3596.18,-70.0548,85.7837,3487.43,-91.6846,-87.1792,3493.11,-183.331,-116.661,3465.26,-183.47,-478.402,3395,-153.905,-832.595,3496.45,-4.88889,-131.47,3521.45,-33.347,-495.647,3473.66,-50.6921,-859.923,3533.74,-245.449,495.413,2895.17,117.972,-192.816,3585.32,-3.96879,346.298,3367.08,2,2,2,2,2,2,2,2,2,2,2,2,2,2,2,2,2,2,2
2019-06-10-14-38-36-181,15,37.3908,442.928,3371.12,-26.758,279.548,3396.59,-140.464,280.665,3303.68,-197.621,293.819,3049.2,-169.252,402.688,2792.12,93.4912,280.26,3472.89,75.7612,39.6128,3568.99,111.14,-225.906,3658.11,-80.7153,83.5957,3483.72,-106.196,-90.4218,3487.64,-194.146,-118.966,3451.7,-188.834,-481.027,3384.63,-154.69,-831.426,3494.22,-18.9387,-130.372,3518.64,-38.5524,-495.89,3479.55,-50.6898,-859.792,3537.67,-174.004,384.613,2834.97,105.25,-181.646,3643.26,-8.37737,346.309,3366.89,2,2,2,2,2,2,2,2,2,2,2,2,2,2,2,2,2,2,2
2019-06-10-14-38-36-315,15,12.3141,448.792,3382.63,-33.6367,278.988,3395.28,-139.018,268.116,3298.49,-167.604,226.603,3043.43,-108.523,250.762,2774.22,58.1599,280.661,3492.25,58.9792,46.2381,3603.4,114.028,-201.763,3723.61,-86.7753,80.533,3479.6,-113.582,-94.6745,3480.53,-199.137,-130.181,3444.95,-190.214,-493.19,3380.28,-154.6,-841.16,3493.47,-28.6161,-136.796,3514.9,-41.9506,-503.876,3482.23,-50.7349,-867.021,3538.61,-118.357,246.744,2819.09,104.87,-160.41,3703.57,-15.596,346.317,3366.66,2,2,2,2,2,2,2,2,2,2,2,2,2,2,2,2,2,2,2
2019-06-10-14-38-36-450,15,-19.6804,452.07,3383.88,-43.0575,277.469,3393.76,-137.063,259.62,3287.42,-163.507,143.717,3063.63,-70.4707,103.544,2804.35,40.4653,278.669,3495.76,58.6248,55.6815,3624.39,132.196,-156.827,3787.69,-90.4078,77.1463,3474.02,-116.6,-98.2945,3474.11,-192.875,-163.094,3445.46,-187.947,-526.259,3376.71,-153.336,-867.726,3501.69,-45.5122,-166.42,3508.09,-42.0967,-534.989,3483.91,-51.8722,-895.596,3541.84,-85.9255,110.156,2847.56,119.953,-121.367,3760.48,-26.9153,345.759,3366.41,2,2,2,2,2,2,2,2,2,2,2,2,2,2,2,2,2,2,2
2019-06-10-14-38-36-598,15,-48.5657,452.435,3369.47,-53.7799,274.863,3388.78,-139.899,256.315,3274.66,-174.298,72.8245,3112,-96.2758,-78.4145,2915.29,29.8622,279.187,3492.21,69.0779,70.424,3635.88,166.141,-73.5878,3845.17,-93.537,70.518,3462.05,-117.312,-105.153,3455.81,-207.858,-136.039,3435.14,-181.206,-504.209,3394.45,-154.965,-851.832,3495.7,-36.9812,-147.491,3499.77,-44.9643,-519.35,3482.55,-51.4954,-879.012,3539.31,-109.325,-53.5341,2948.08,149.982,-49.5145,3810.29,-40.2157,344.555,3363.79,2,2,2,2,2,2,2,2,2,2,2,2,2,2,2,2,2,2,2
2019-06-10-14-38-36-731,15,-70.8455,447.937,3346.48,-64.2132,270.289,3380.09,-149.079,252.1,3263.65,-199.703,28.9889,3157.83,-137.815,-198.269,3037.95,23.5457,281.299,3483.79,91.126,112.706,3659.39,212.803,57.9342,3892.8,-95.1724,62.0957,3447.71,-114.338,-113.273,3435.17,-211.906,-124.168,3418.56,-162.27,-494.388,3416.13,-155.137,-849.292,3492.61,-28.4499,-134.527,3486.17,-46.492,-509.477,3479.27,-51.1761,-869.505,3537.63,-148.214,-160.617,3057.93,192.526,67.0902,3853.89,-53.6639,341.167,3357.07,2,2,2,2,2,2,2,2,2,2,2,2,2,2,2,2,2,2,2
2019-06-10-14-38-36-865,15,-86.5077,439.746,3322,-73.3071,264.018,3369.63,-165.557,244.999,3258.27,-227.528,3.55465,3193.91,-196.609,-263.74,3126.97,19.7285,283.334,3472.38,117.591,180.815,3675.82,256.678,226.896,3900.59,-95.4844,53.981,3437.12,-110.727,-120.952,3425.15,-208.265,-132.14,3414.62,-156.387,-505.142,3412.71,-155.112,-861.239,3492.71,-30.1198,-135.542,3486.08,-45.8397,-512.388,3480.3,-50.7448,-873.498,3537.87,-201.841,-219.21,3138.13,233.482,219.15,3863.13,-65.7709,335.344,3346.71,2,2,2,2,2,2,2,2,2,2,2,2,2,2,2,2,2,2,2
2019-06-10-14-38-36-999,15,-99.6974,432.703,3304.22,-81.8489,258.575,3359.88,-188.932,238.073,3261.55,-249.758,-11.0922,3220.2,-239.917,-292.603,3174.3,16.9892,284.878,3459,136.228,264.073,3673.15,289.029,389.159,3862.92,-94.9508,49.5668,3434.25,-108.138,-124.76,3427.97,-205.015,-139.778,3420.23,-160.056,-512.61,3406.46,-154.557,-868.991,3493.58,-35.7042,-146.29,3493.1,-44.6491,-522.18,3483.19,-50.3169,-885.503,3536.58,-241.58,-245.603,3181.95,263.536,368.197,3831.29,-77.4143,329.368,3334.7,2,2,2,2,2,2,2,2,2,2,2,2,2,2,2,2,2,2,2
2019-06-10-14-38-37-135,15,-112.55,428.557,3294.73,-90.2856,255.606,3353.05,-212.284,231.217,3270.93,-268.27,-20.0451,3241.9,-274.706,-300.832,3190.83,16.5498,290.457,3446.18,157.88,352.555,3638.01,311.483,536.052,3780.89,-94.2813,52.2072,3437.69,-106.333,-121.386,3440.47,-204.507,-139.475,3431.42,-161.895,-510.421,3402.29,-154.43,-868.509,3494.87,-33.3978,-151.133,3502.37,-41.93,-525.549,3486.97,-50.3885,-892.588,3532.78,-273.617,-253.949,3199.34,285.867,505.369,3757.08,-88.9493,325.033,3324.13,2,2,2,2,2,2,2,2,2,2,2,2,2,2,2,2,2,2,2
2019-06-10-14-38-37-269,15,-122.477,428.019,3295.01,-98.1889,255.528,3351,-232.642,227.801,3284.17,-280.845,-25.5281,3266.25,-304.048,-292.236,3183.36,16.8506,302.725,3436.92,177.815,424.927,3587,319.204,653.387,3651.92,-94.3267,59.137,3447.39,-105.228,-113.777,3457.24,-204.064,-137.878,3444.74,-163.379,-506.554,3400.51,-154.005,-861.703,3500.96,-28.5713,-154.082,3511.17,-36.6238,-527.03,3488.14,-50.8591,-893.85,3527.1,-300.14,-247.743,3197.18,295.644,615.202,3641.1,-99.541,323.025,3317.84,2,2,2,2,2,2,2,2,2,2,2,2,2,2,2,2,2,2,2
2019-06-10-14-38-37-405,15,-133.778,428.519,3301.35,-106.67,256.95,3353.45,-250.318,226.892,3295.81,-293.478,-26.3383,3286.36,-304.012,-298,3238.5,15.9113,317.158,3431.9,190.36,479.968,3514.31,293.018,729.792,3487.59,-96.738,66.4254,3460.35,-105.293,-106.048,3474.16,-204.684,-135.763,3462.99,-164.72,-499.74,3401.09,-152.821,-852.334,3501.84,-24.4895,-155.248,3518.8,-27.9393,-525.311,3486.27,-51.3851,-889.285,3524.99,-302.199,-252.688,3246.47,275.979,688.077,3492.04,-110.094,322.531,3316.64,2,2,2,2,2,2,2,2,2,2,2,2,2,2,2,2,2,2,2
2019-06-10-14-38-37-542,15,-148.306,429.211,3308.69,-116.057,259.529,3359.93,-263.749,225.35,3322.08,-306.168,-26.5865,3318.95,-305.628,-300.706,3298.17,16.4476,325.603,3427.29,191.148,506.476,3430.69,253.387,752.495,3330.64,-102.319,72.4595,3474.44,-106.333,-99.8303,3489.28,-205.296,-135.945,3483.69,-166.246,-496.915,3412,-150.164,-850.222,3505.43,-22.4624,-156.65,3524.66,-26.2879,-524.358,3483.62,-51.5843,-886.572,3528,-305.675,-254.995,3301.64,243.089,711.509,3347.31,-120.758,323.688,3320.67,2,2,2,2,2,2,2,2,2,2,2,2,2,2,2,2,2,2,2
2019-06-10-14-38-37-679,15,-164.411,429.741,3312.55,-125.909,263.378,3369.69,-271.566,225.463,3356.76,-309.323,-25.3292,3345.11,-324.917,-296.631,3368.19,19.751,327.035,3417.56,175.173,511.88,3347.32,191.436,745.053,3200.8,-110.049,77.7555,3489.55,-108.046,-94.4878,3502.88,-204.965,-139.264,3504.59,-166.799,-500.334,3434.29,-148.352,-857.707,3502.76,-21.1874,-157.112,3528.36,-24.2989,-522.795,3474.7,-51.6557,-881.774,3533.57,-322.317,-251.387,3364.34,188.771,706.27,3225.22,-131.295,326.569,3328.9,2,2,2,2,2,2,2,2,2,2,2,2,2,2,2,2,2,2,2
2019-06-10-14-38-37-816,15,-178.16,432.318,3313.58,-133.937,269.813,3380.16,-275.684,230.101,3386.17,-295.717,-20.9154,3369.19,-337.91,-274.1,3453.12,21.5742,321.659,3404.14,140.666,495.276,3267.56,137.054,721.967,3102.63,-114.622,82.4488,3499.71,-109.262,-89.9961,3510.32,-204.683,-140.067,3516.05,-165.487,-500.53,3450.57,-148.65,-861.383,3511.56,-18.7004,-152.315,3525.62,-20.6631,-514.995,3461.41,-51.1556,-870.653,3542.88,-330.911,-231.848,3439.13,137.642,684.273,3130.12,-140.452,333.133,3339.76,2,2,2,2,2,2,2,2,2,2,2,2,2,2,2,2,2,2,2
2019-06-10-14-38-37-954,15,-186.32,437.74,3312.47,-137.956,278.492,3387.52,-273.802,238.518,3412.29,-274.158,-12.6821,3399.71,-337.82,-253.117,3514.62,20.9126,312.155,3378.81,100.227,468.199,3196.16,87.9388,686.847,3019.91,-112.187,88.155,3501.81,-106.538,-84.6135,3509.35,-199.326,-137.976,3518.86,-163.665,-498.5,3462.57,-150.058,-862.66,3508.99,-12.5204,-137.897,3514.02,-13.8408,-498.612,3447.84,-49.7488,-851.34,3543.89,-327.228,-213.025,3495.47,89.951,650.478,3049.28,-146.631,342.635,3349,2,2,2,2,2,2,2,2,2,2,2,2,2,2,2,2,2,2,2
2019-06-10-14-38-38-087,15,-191.175,444.323,3311.05,-137.922,286.696,3388.58,-274.205,254.575,3427.79,-255.414,4.64562,3433.49,-315.665,-241.821,3541.24,13.0074,298.368,3343.8,60.3861,437.32,3134.64,43.3664,637.783,2940.73,-104.213,93.3929,3495.4,-97.0839,-79.4504,3499.89,-183.682,-133.865,3514.51,-161.49,-496.82,3478.96,-152.028,-862.445,3498.02,-4.24036,-125.644,3499.1,-11.3152,-486.623,3439.26,-48.7432,-837.598,3539.36,-305.628,-200.745,3523.28,46.1679,604.425,2973.05,-149.276,351.823,3352.59,2,2,2,2,2,2,2,2,2,2,2,2,2,2,2,2,2,2,2
2019-06-10-14-38-38-225,15,-194.199,450.954,3310.86,-136.143,292.815,3384.59,-270.399,279.598,3445.11,-239.855,29.0262,3441.32,-282.432,-225.913,3544.21,1.4624,286.494,3315.82,22.4616,394.331,3083.71,-4.0444,554.671,2858.23,-94.9129,97.5876,3485.42,-84.0419,-75.0982,3490.4,-165.029,-129.05,3512.41,-157.548,-494.42,3487.77,-153.04,-860.775,3507.26,3.92006,-121.976,3489.5,-12.2338,-484.017,3433.97,-48.8392,-835.074,3535.04,-275.34,-183.428,3527.06,0.354829,528.011,2895.81,-150.028,358.561,3350.64,2,2,2,2,2,2,2,2,2,2,2,2,2,2,2,2,2,2,2
2019-06-10-14-38-38-366,15,-196.958,453.286,3312.34,-134.886,293.796,3378.25,-263.212,293.071,3453.34,-226.347,43.845,3442.32,-250.234,-218.921,3531.4,-24.3086,267.794,3280.44,-11.6968,313.843,3032.93,-52.4841,409.285,2779.1,-90.019,97.2787,3476.83,-72.1153,-74.0125,3486.59,-147.062,-133.274,3519.1,-151.974,-498.582,3491.23,-153.042,-866.435,3503.94,11.5054,-130.578,3482.88,-17.8788,-490.959,3423.53,-49.935,-841.025,3532.53,-246.261,-175.128,3516.55,-45.6902,393.457,2821.4,-149.953,359.775,3345.15,2,2,2,2,2,2,2,2,2,2,2,2,2,2,2,2,2,2,2
2019-06-10-14-38-38-503,15,-193.247,450.773,3318.3,-131.327,288.492,3370.14,-211.433,267.118,3455.94,-223.332,19.7815,3436.55,-217.059,-245.022,3520.09,-34.2236,257.42,3253.89,-47.7364,227.721,3007.89,-90.1992,223.696,2744.02,-85.4314,91.7878,3473.04,-60.7082,-78.7026,3491.21,-130.076,-147.403,3536.71,-145.813,-510.658,3488.27,-152.064,-880.701,3505.49,22.8371,-147.622,3476.72,-30.434,-505.947,3419.42,-50.8194,-853.646,3544.6,-218.11,-200.891,3506.16,-83.1352,224.388,2787.99,-146.588,353.868,3335.95,2,2,2,2,2,2,2,2,2,2,2,2,2,2,2,2,2,2,2
2019-06-10-14-38-38-644,15,-175.973,445.69,3324.8,-123.144,278.75,3361.34,-186.518,247.693,3452.16,-206.473,-1.72288,3435.24,-215.849,-270.394,3506.11,-32.1657,244.788,3237.67,-41.4687,110.14,3046.87,-149.586,66.9418,2805.24,-78.0527,81.8001,3465.93,-50.492,-85.9933,3496.34,-111.306,-173.864,3554.17,-146.038,-533.593,3486.36,-149.973,-902.843,3500.35,28.5089,-177.806,3473.66,-51.6974,-532.744,3421.45,-51.7599,-878.186,3551.24,-214.279,-225.617,3494.3,-131.666,74.0748,2845.51,-138.083,343.97,3326.72,2,2,2,2,2,2,2,2,2,2,2,2,2,2,2,2,2,2,2
2019-06-10-14-38-38-789,15,-147.725,438.319,3329.45,-112.38,267.49,3352.91,-170.571,234.554,3447.77,-193.673,-15.6801,3447.81,-231.657,-284.343,3501.92,-16.3969,225.042,3248.79,-30.7114,32.4246,3097.61,-178.221,-55.0322,2884.72,-69.361,69.7571,3458.55,-44.9412,-97.5286,3493.23,-121.923,-167.924,3544.04,-142.848,-531.61,3488.09,-149.183,-900.856,3500.1,43.3503,-179.218,3468.37,-53.221,-533.509,3432.72,-55.6003,-884.858,3544.72,-225.307,-239.568,3492.9,-153.717,-40.5387,2920.2,-126.583,332.743,3318.05,2,2,2,2,2,2,2,2,2,2,2,2,2,2,2,2,2,2,2
2019-06-10-14-38-38-927,15,-117.051,432.132,3331.74,-101.316,259.301,3346.15,-169.288,231.461,3441.23,-187.368,-16.9977,3469.05,-248.494,-283.954,3506.43,0.981472,212.305,3268.19,-7.74592,-14.9653,3156.42,-138.791,-149.512,2952.55,-61.6966,61.1967,3448.2,-42.6499,-108.655,3477.35,-131.967,-147.118,3520.56,-141.38,-514.887,3491.41,-148.649,-883.725,3503.93,54.0721,-163.224,3460.17,-29.9401,-522.782,3453.41,-59.4088,-876.371,3549.18,-238.29,-239.465,3500.2,-116.969,-127.125,2986.53,-114.497,325.231,3312.2,2,2,2,2,2,2,2,2,2,2,2,2,2,2,2,2,2,2,2
2019-06-10-14-38-39-062,15,-92.588,428.583,3331.22,-91.9333,254.749,3345.87,-177.048,241.336,3438.25,-195.019,11.9376,3525.81,-290.244,-245.097,3553.35,20.6462,212.077,3298.52,19.5371,-34.5151,3227.37,-56.6443,-234.937,3065.56,-58.3914,56.3463,3447.11,-48.2313,-116.824,3464.94,-137.529,-133.95,3515.69,-141.911,-503.661,3493.61,-148.737,-873.567,3512.37,52.0808,-146.694,3464.74,-40.7557,-505.458,3461.78,-59.5513,-864.146,3548.41,-274.365,-202.263,3548.76,-43.8391,-201.594,3092.53,-103.139,321.084,3312.03,2,2,2,2,2,2,2,2,2,2,2,2,2,2,2,2,2,2,2
2019-06-10-14-38-39-205,15,-77.7202,427.623,3332.33,-85.2174,252.874,3355.68,-189.716,253.701,3438.34,-221.093,35.4951,3553.22,-313.519,-224.174,3560.15,40.7203,224.167,3331.27,54.6482,-29.8331,3301.14,35.2955,-275.144,3192.38,-59.8372,54.6021,3458.35,-58.4457,-121.058,3466.21,-141.971,-144.935,3517.23,-145.016,-512.641,3493.65,-149.603,-881.522,3500.9,35.2218,-151.886,3484.63,-30.1548,-512.667,3464.91,-60.1424,-870.745,3547.25,-298.123,-180.895,3559,38.6607,-234.268,3210.51,-93.7153,319.307,3321.28,2,2,2,2,2,2,2,2,2,2,2,2,2,2,2,2,2,2,2
2019-06-10-14-38-39-342,15,-70.2709,427.033,3337.74,-80.886,252.381,3371.86,-202.016,261.086,3440.51,-260.407,54.2459,3571.45,-383.719,-176.387,3631.64,56.0965,235.034,3362.4,109.691,-12.8906,3378.33,171.717,-266.576,3309.99,-65.9326,53.5522,3475.03,-71.4212,-123.748,3477.43,-157.191,-150.488,3519.23,-151.843,-514.81,3491.96,-149.619,-881.954,3484.96,21.9161,-152.521,3501.09,-21.4305,-512.391,3465.67,-58.8251,-869.62,3542.77,-363.213,-137.878,3621.61,161.483,-224.231,3321.38,-85.9004,319.05,3337.26,2,2,2,2,2,2,2,2,2,2,2,2,2,2,2,2,2,2,2
2019-06-10-14-38-39-478,15,-68.3664,429.149,3346.06,-79.1682,254.159,3388.83,-215.457,267.312,3438.04,-308.828,81.8753,3584.76,-489.784,-60.8122,3692.08,64.7297,243.698,3393.79,181.734,25.6821,3440.1,339.472,-184.914,3421.82,-75.449,54.6251,3487.44,-83.6958,-122.015,3489.57,-175.241,-150.453,3511.66,-160.814,-512.418,3486.87,-149.506,-878.654,3482.79,11.6038,-150.095,3508.67,-17.787,-509.158,3467.01,-56.3069,-866.399,3540.18,-459.7,-36.8883,3674.2,313.263,-149.671,3424.87,-80.4148,321.626,3355.49,2,2,2,2,2,2,2,2,2,2,2,2,2,2,2,2,2,2,2
2019-06-10-14-38-39-616,15,-68.4958,434.298,3354.26,-78.5868,259.045,3403.41,-224.966,274.595,3436.29,-378.875,134.782,3574.67,-609.021,108.397,3670.35,71.6449,256.691,3418.54,245.106,86.1215,3483.11,477.561,1.43332,3502.04,-83.4712,57.8677,3494.48,-92.0317,-117.594,3497.69,-188.359,-145.591,3504.48,-166.184,-505.61,3474.01,-149.927,-870.547,3493.47,5.10598,-146.465,3511.84,-17.1332,-505.102,3467.39,-53.1929,-863.041,3538.06,-570.659,112.774,3654.4,438.812,15.7112,3498.88,-76.9172,327.612,3372.39,2,2,2,2,2,2,2,2,2,2,2,2,2,2,2,2,2,2,2
2019-06-10-14-38-39-751,15,-68.9697,441.51,3359.07,-78.5343,267.648,3414.39,-233.549,288.813,3431.79,-436.168,219.667,3553.92,-690.513,265.465,3618.68,76.1986,270.632,3435.79,293.808,172.253,3509.7,552.52,192.964,3548.27,-88.7579,64.5,3497.5,-96.4459,-110.287,3501.18,-195.388,-138.964,3500.66,-168.802,-496.942,3456.52,-150.434,-861.266,3494.02,1.95922,-140.157,3512.73,-16.9568,-498.887,3467.42,-50.0154,-858.236,3535.87,-648.086,257.749,3607.88,509.326,189.563,3541.84,-75.0343,337.277,3385.91,2,2,2,2,2,2,2,2,2,2,2,2,2,2,2,2,2,2,2
2019-06-10-14-38-39-885,15,-69.2539,449.903,3359.99,-78.6656,277.682,3421.39,-237.914,297.844,3426.68,-462.067,238.648,3529.73,-723.421,315.152,3586.36,78.2656,279.596,3443.21,308.704,202.985,3527.28,583.306,247.326,3560.25,-91.5913,72.7605,3498.04,-98.3229,-101.787,3502.13,-197.315,-135.61,3498.77,-169.988,-492.098,3450.38,-150.657,-856.9,3502.39,-0.572915,-136.978,3512.71,-17.0185,-494.815,3467.56,-47.1583,-856.681,3534.65,-679.843,302.359,3576.92,537.456,239.908,3554.76,-74.23,348.129,3395.03,2,2,2,2,2,2,2,2,2,2,2,2,2,2,2,2,2,2,2
2019-06-10-14-38-40-022,15,-69.1912,455.862,3358.81,-78.7995,285.174,3425.03,-237.797,295.778,3417.72,-438.188,176.283,3492.95,-692.347,198.439,3584.37,76.4169,278.454,3444.55,284.405,154.157,3502.84,559.039,147.275,3538.55,-92.7937,78.7505,3497,-98.8875,-95.4802,3501.77,-197.072,-134.309,3497.66,-171.187,-489.879,3450.28,-150.814,-856.814,3500.21,-2.65021,-136.545,3512.75,-17.2207,-493.222,3467.81,-46.1764,-857.325,3532.4,-649.957,194.64,3569.13,513.205,148.38,3532.6,-73.9915,356.192,3400.26,2,2,2,2,2,2,2,2,2,2,2,2,2,2,2,2,2,2,2
2019-06-10-14-38-40-162,15,-68.8734,457.351,3357.57,-78.8587,287.42,3426.22,-231.302,280.048,3410.42,-370.766,98.0577,3476.06,-510.134,12.0447,3629.33,71.5386,268.556,3442.74,213.164,80.4955,3468.74,387.618,-56.7698,3434.28,-93.0189,79.6797,3495.11,-98.8674,-93.4963,3501.12,-196.497,-135.121,3497.51,-171.6,-489.693,3449.18,-150.981,-857.157,3502.82,-3.79884,-138.198,3513.48,-17.5323,-493.919,3468.74,-46.7186,-859.622,3529.55,-486.66,26.132,3603.78,358.726,-33.5895,3440.02,-73.9964,358.809,3402.54,2,2,2,2,2,2,2,2,2,2,2,2,2,2,2,2,2,2,2
2019-06-10-14-38-40-295,15,-65.9485,455.952,3360.41,-78.6839,284.538,3425.26,-223.339,263.283,3403.11,-279.538,40.3931,3462.79,-320.951,-135.432,3454.52,67.1623,258.432,3440.61,128.53,35.9903,3407.02,126.763,-142.075,3305.92,-92.1636,74.7926,3488.74,-98.6677,-98.9454,3492.8,-195.262,-136.05,3479.67,-171.376,-490.883,3445.25,-151.244,-857.43,3508.8,-3.52027,-140.964,3501.92,-17.9271,-496.744,3472.45,-47.8914,-863.814,3528.66,-314.274,-105.749,3455.9,127.466,-112.209,3322.77,-74.0585,356.523,3403.46,2,2,2,2,2,2,2,2,2,2,2,2,2,2,2,2,2,2,2
2019-06-10-14-38-40-431,15,-59.8532,453.314,3365.4,-77.9449,280.064,3423.75,-217.901,253.305,3402.56,-214.892,14.8236,3382.54,-308.033,-75.3159,3244.91,66.32,254.677,3437.29,45.675,42.4526,3333.63,-104.618,-74.5368,3216.44,-89.356,69.029,3483.23,-97.7765,-105.84,3485.93,-194.606,-137.67,3484.03,-171.027,-490.901,3442.99,-151.259,-857.649,3508.17,-4.23583,-141.29,3506.49,-17.9582,-496.275,3477.03,-46.929,-864.434,3529.26,-292.216,-60.5368,3267.85,-79.4348,-55.0057,3235.97,-74.0285,352.486,3403.33,2,2,2,2,2,2,2,2,2,2,2,2,2,2,2,2,2,2,2
2019-06-10-14-38-40-566,15,-51.4108,449.406,3371.95,-76.5098,275.094,3422.78,-217.142,252.435,3407.26,-231.111,7.05819,3353.02,-281.8,69.7565,3166.18,67.8764,254.41,3429.06,-4.49863,62.0663,3283.77,-231.168,29.7203,3176.21,-84.1086,63.7599,3480.59,-94.9067,-112.315,3482.32,-191.462,-139.104,3482.6,-170.215,-491.697,3442.26,-151.234,-859.011,3505.74,-1.42208,-141.545,3505.65,-17.9934,-495.722,3478.93,-44.8107,-864.503,3529.59,-273.215,59.0629,3197.32,-193.453,35.166,3194.13,-73.8997,347.718,3402.91,2,2,2,2,2,2,2,2,2,2,2,2,2,2,2,2,2,2,2
2019-06-10-14-38-40-701,15,-44.9515,445.216,3377.43,-74.6924,270.457,3422.36,-219.877,256.209,3417.07,-248.287,10.9083,3345.75,-271.514,132.195,3123.5,71.1935,253.885,3411.77,-23.8273,64.2113,3260.18,-287.9,71.8236,3180.65,-77.7061,59.6685,3480.07,-89.9252,-117.542,3480.93,-186.067,-139.273,3481.47,-169.068,-491.337,3442.46,-151.205,-860.358,3493.28,3.65542,-142.684,3502.94,-18.0055,-495.813,3478.43,-42.412,-864.555,3529.75,-267.565,111.933,3160.54,-243.982,70.609,3193.9,-73.658,343.104,3402.47,2,2,2,2,2,2,2,2,2,2,2,2,2,2,2,2,2,2,2
2019-06-10-14-38-40-836,15,-41.3385,442.212,3381.15,-73.4541,267.153,3422.18,-219.512,260.499,3430.49,-243.502,13.3613,3359.97,-248.542,-22.675,3143.81,71.9064,253.664,3409.29,-7.42622,46.1917,3276.5,-273.136,5.30224,3202.34,-73.7436,57.1884,3480.09,-85.8141,-121.052,3480.5,-181.536,-139.651,3479.97,-167.732,-490.808,3442.39,-151.259,-860.242,3492.27,7.73994,-144.745,3498.96,-17.9659,-496.47,3475.56,-39.8061,-865.053,3529.92,-247.634,-16.7865,3179.84,-228.911,12.1267,3214.7,-73.3573,339.772,3402.15,2,2,2,2,2,2,2,2,2,2,2,2,2,2,2,2,2,2,2
2019-06-10-14-38-40-973,15,-39.6421,440.243,3383.03,-72.4263,264.985,3422.12,-220.076,261.943,3435.55,-230.658,10.4744,3391.87,-220.552,-317.604,3420.3,72.5767,252.436,3411.34,44.4778,20.2196,3334.42,-81.6466,-135.895,3239.26,-70.8304,55.8877,3480.16,-80.3039,-123.299,3480.39,-175.428,-140.767,3478.53,-165.884,-490.619,3442.45,-151.384,-861.037,3487.11,12.9901,-147.247,3487.92,-17.8181,-497.173,3468.33,-43.4481,-864.093,3532.1,-220.552,-224.259,3420.3,-60.7876,-109.787,3255.12,-72.9817,337.571,3401.97,2,2,2,2,0,2,2,2,2,2,2,2,2,2,2,2,0,2,2
2019-06-10-14-38-41-110,15,-39.2055,439.862,3383.51,-70.4708,263.888,3422.2,-218.218,264.928,3438.76,-238.052,15.1767,3446.23,-246.949,-307.428,3488.46,73.6359,252.781,3420.05,137.029,28.1457,3387.01,193.856,-152.064,3305.17,-69.85,55.6492,3480.45,-77.0342,-124.274,3480.4,-171.383,-142.751,3478.5,-165.078,-490.885,3442.53,-151.441,-862.366,3482.57,14.4215,-149.263,3493.89,-17.6254,-496.195,3462.28,-50.3515,-860.548,3538.44,-246.949,-214.084,3488.46,184.406,-121.988,3318.81,-70.6851,336.433,3401.9,2,2,2,2,0,2,2,2,2,2,2,2,2,2,2,2,0,2,2
2019-06-10-14-38-41-247,15,-39.0034,441.996,3382.86,-67.8291,265.274,3422.41,-217.73,271.424,3436.23,-355.212,108.872,3453.68,-454.898,-138.21,3449.98,78.248,261.368,3434.16,246.048,116.659,3438.38,437.59,46.7557,3407.41,-69.6442,57.877,3481.15,-75.2546,-120.873,3480.45,-169.527,-142.809,3478.8,-164.731,-489.448,3442.72,-151.493,-861.478,3483.67,15.2068,-150.127,3496.55,-17.4691,-495.03,3459.46,-53.0058,-858.053,3543.92,-454.898,-44.866,3449.98,405.826,58.6572,3412.57,-67.1911,337.745,3401.89,2,2,2,2,0,2,2,2,2,2,2,2,2,2,2,2,0,2,2
2019-06-10-14-38-41-383,15,-38.7392,448.25,3381.42,-65.1706,271.044,3422.72,-219.187,282.967,3429.69,-429.446,229.727,3434.04,-474.526,-9.52025,3411.23,83.883,277.163,3449.86,308.089,220.176,3489.74,550.478,264.67,3477.96,-69.7619,64.4345,3482.16,-74.4551,-112.945,3480.52,-168.655,-140.556,3478.4,-164.622,-486.459,3442.81,-151.594,-858.669,3487.65,14.6119,-149.654,3498.01,-17.1639,-493.618,3458.24,-52.464,-858.09,3539.58,-474.526,83.8235,3411.23,510.113,257.405,3479.93,-63.5594,343.414,3401.9,2,2,2,2,0,2,2,2,2,2,2,2,2,2,2,2,0,2,2
2019-06-10-14-38-41-549,15,-38.7024,457.168,3379.93,-62.9338,279.673,3423.08,-220.833,294.948,3419.37,-465.609,290.651,3404.19,-476.621,-8.4529,3378.65,88.5107,290.453,3459.4,335.622,278.403,3523.88,594.716,382.873,3514.54,-69.9336,73.7829,3483.32,-74.1791,-102.687,3480.61,-168.132,-136.527,3477.59,-164.544,-482.587,3442.24,-151.658,-854.966,3490.21,12.8899,-148.054,3498.89,-16.5422,-492.273,3458.14,-50.4951,-856.678,3542.95,-476.621,84.8907,3378.65,551.508,365.493,3516.09,-60.4761,351.927,3401.93,2,2,2,2,0,2,2,2,2,2,2,2,2,2,2,2,0,2,2
2019-06-10-14-38-41-688,15,-38.6945,465.572,3379.07,-61.2496,287.872,3423.44,-219.038,295.653,3406.27,-450.618,228.266,3358.95,-474.767,75.1976,3178.6,89.6701,295.961,3467.52,332.72,244.459,3541.95,611.232,313.754,3537.96,-69.9911,82.1617,3484.1,-74.1148,-93.805,3480.76,-167.66,-134.452,3477.5,-164.424,-480.81,3440.07,-151.631,-853.246,3490.75,11.3798,-146.843,3499.84,-15.7997,-491.768,3458.99,-47.0379,-859.649,3529.25,-452.685,77.7173,3205.55,564.773,302.187,3538.63,-58.1825,360.063,3402.16,2,2,2,2,2,2,2,2,2,2,2,2,2,2,2,2,2,2,2
2019-06-10-14-38-41-827,15,-38.5124,470.372,3378.7,-60.1539,292.527,3423.64,-213.558,286.567,3390.18,-394.969,138.21,3334.54,-526.693,-8.09709,3184.85,87.7979,291.612,3473.05,293.51,167.973,3548.08,548.092,112.838,3567.14,-70.0247,86.1841,3484.05,-74.1209,-89.3294,3480.89,-167.888,-134.475,3477.91,-164.208,-481.37,3439.06,-151.574,-853.878,3489.68,11.2073,-146.735,3500.94,-14.9029,-492.504,3460.58,-46.1433,-862.028,3522.56,-497.261,6.59985,3208.84,505.599,121.914,3563.96,-56.7007,364.745,3402.49,2,2,2,2,2,2,2,2,2,2,2,2,2,2,2,2,2,2,2
2019-06-10-14-38-41-964,15,-38.3317,471.473,3379.49,-59.5869,293.29,3423.57,-206.14,272.39,3379.36,-328.497,69.1125,3313.72,-419.764,-130.479,3182.98,83.8236,281.177,3476.19,211.399,89.4693,3553.52,353.243,-85.0405,3611.94,-70.1642,85.3216,3483.1,-76.108,-89.8437,3481.01,-171.41,-138.653,3478.6,-163.969,-485.849,3438.69,-151.388,-857.987,3488.01,10.4898,-149.114,3504.36,-14.6662,-495.279,3462.56,-48.8828,-864.162,3524.1,-402.303,-100.2,3204.74,329.433,-56.1189,3602.2,-55.9093,365.622,3402.86,2,2,2,2,2,2,2,2,2,2,2,2,2,2,2,2,2,2,2
2019-06-10-14-38-42-100,15,-38.5578,469.454,3381.09,-59.541,290.686,3422.99,-198.965,261.937,3363.3,-251.413,28.0732,3289.62,-201.676,-176.947,3201.06,77.0242,267.754,3478.76,131.144,40.4259,3562.04,178.349,-142.474,3471.34,-70.6254,80.8398,3480.55,-78.6926,-93.9547,3477.07,-174.708,-143.069,3476.59,-163.665,-490.748,3438.9,-151.203,-861.909,3487.67,10.9911,-150.986,3484.66,-14.8608,-498.763,3464.03,-50.0114,-865.855,3529.4,-209.731,-142.883,3216.08,170.754,-112.093,3486.45,-55.7091,363.234,3403.09,2,2,2,2,2,2,2,2,2,2,2,2,2,2,2,2,2,2,2
2019-06-10-14-38-42-232,15,-39.0578,466.102,3382.87,-59.7858,286.77,3422.46,-194.481,255.02,3354.38,-185.74,18.4469,3260.27,-4.97768,-73.7562,3228.66,73.5733,262.553,3482.73,123.26,17.0017,3526.59,126.238,-50.6888,3326.79,-71.2379,75.6418,3478.34,-81.2919,-98.5562,3473.1,-177.567,-145.362,3473.18,-163.317,-493.293,3438.93,-151.094,-863.562,3487.31,9.70148,-151.431,3483.56,-15.1081,-499.692,3464.26,-49.6186,-866.389,3526.87,-35.4898,-57.3602,3234.21,125.887,-39.896,3360.09,-55.841,359.489,3403.21,2,2,2,2,2,2,2,2,2,2,2,2,2,2,2,2,2,2,2
2019-06-10-14-38-42-370,15,-39.8719,462.341,3384.23,-60.1091,282.455,3421.66,-192.921,252.557,3349.48,-142.156,30.5362,3230.21,98.8348,41.0894,3229.94,76.2063,261.263,3478.47,135.639,30.6512,3429.52,-6.70973,32.9434,3263.98,-71.7598,70.4914,3475.17,-82.723,-102.97,3469.15,-178.761,-146.562,3467.56,-163.201,-494.728,3438.81,-150.95,-864.223,3487.18,8.84337,-151.527,3482.19,-15.463,-499.873,3464.38,-49.913,-865.102,3530.88,58.0609,40.3434,3230.19,16.7177,32.4746,3291.57,-56.0996,355.387,3403.25,2,2,2,2,2,2,2,2,2,2,2,2,2,2,2,2,2,2,2
2019-06-10-14-38-42-506,15,-42.8827,459.444,3385,-60.4561,278.783,3420.49,-194.751,256.004,3347.75,-132.535,36.7618,3224.66,138.702,74.5201,3229.96,80.4907,265.195,3473.7,139.173,32.4607,3398.02,-47.1153,86.8294,3222.93,-72.1393,66.2557,3470.56,-83.2891,-106.382,3465.31,-178.873,-146.964,3461.56,-163.108,-495.106,3437.85,-150.812,-864.046,3487.38,8.47517,-151.416,3479.9,-15.9257,-499.533,3464.37,-50.5195,-863.157,3536.99,92.9451,68.8976,3229.21,-16.2968,77.769,3252.11,-56.4306,351.996,3403.24,2,2,2,2,2,2,2,2,2,2,2,2,2,2,2,2,2,2,2
2019-06-10-14-38-42-640,15,-48.4669,457.305,3385.37,-61.1432,275.825,3419.13,-196.921,259.533,3348.11,-150.807,34.1667,3236.06,114.319,-8.87144,3231.58,81.3837,266.922,3470.26,132.908,28.7977,3458.97,-5.93163,105.727,3239.69,-72.4071,62.9232,3465.25,-83.3443,-108.807,3460.98,-178.497,-147.076,3457.45,-163.005,-494.83,3434.46,-150.579,-863.421,3487.46,8.57967,-151.32,3475.1,-16.1291,-499.128,3464.07,-52.1725,-863.358,3533.67,69.7585,-1.25972,3232.4,16.9507,92.9392,3276.23,-57.2532,349.342,3403.21,2,2,2,2,2,2,2,2,2,2,2,2,2,2,2,2,2,2,2
2019-06-10-14-38-42-776,15,-52.7188,455.584,3385.52,-61.9894,273.797,3419.07,-199.239,262.04,3350.46,-197.405,29.2482,3260.27,-61.6747,-124.694,3188.8,79.7588,266.631,3468.66,120.506,34.8764,3524.05,99.3504,-52.3051,3443.72,-72.5499,61.4222,3464.99,-83.0546,-109.356,3459.12,-175.954,-146,3441.29,-162.906,-493.946,3431.31,-150.152,-862.154,3487.37,7.01362,-150.516,3482.28,-16.2244,-497.659,3463.51,-53.1996,-863.433,3523.94,-84.1638,-98.5384,3200.75,103.39,-38.6763,3457.11,-58.3327,347.336,3403.17,2,2,2,2,2,2,2,2,2,2,2,2,2,2,2,2,2,2,2
2019-06-10-14-38-42-916,15,-54.6866,453.717,3385.09,-62.876,272.094,3419.89,-202.924,263.183,3355.8,-262.856,33.9194,3285.71,-271.242,-158.857,3172.59,76.5362,261.803,3466.92,153.947,36.2782,3533.8,253.509,-123.118,3499.75,-72.5985,60.6469,3468.19,-82.6179,-109.018,3459.58,-176.331,-146.366,3447.96,-162.56,-493.122,3424.13,-149.649,-860.838,3487.23,6.86565,-150.303,3485.2,-16.3233,-497.034,3463.24,-53.3395,-862.095,3531.46,-269.643,-126.494,3191.46,237.25,-97.0223,3505.42,-59.5037,345.45,3403.13,2,2,2,2,2,2,2,2,2,2,2,2,2,2,2,2,2,2,2
2019-06-10-14-38-43-056,15,-53.7719,451.263,3383.38,-63.7449,270.217,3420.47,-208.728,264.459,3365.1,-330.202,53.9046,3307.79,-481.052,-87.7783,3201.29,78.1575,261.039,3462.58,215.471,65.736,3530.16,417.519,-63.65,3521.38,-72.6154,59.4553,3471.48,-82.2874,-111.088,3461.69,-176.009,-146.694,3452.02,-162.039,-492.459,3418.29,-149.138,-860.656,3487.52,7.47131,-150.356,3485.88,-16.2896,-496.762,3463.13,-52.9058,-860.083,3546.72,-455.949,-64.0527,3219.04,383.951,-42.2202,3522.84,-60.6667,343.362,3402.77,2,2,2,2,2,2,2,2,2,2,2,2,2,2,2,2,2,2,2
2019-06-10-14-38-43-196,15,-50.9319,447.958,3374.75,-64.6179,268.829,3418.5,-215.7,266.843,3373.43,-398.468,98.8606,3338.74,-630.671,53.7737,3263.61,82.5165,262.761,3453.6,271.8,123.646,3535.11,528.937,64.981,3533.24,-72.6446,59.2487,3473.96,-81.5541,-113.067,3465.21,-174.937,-146.774,3455.31,-161.45,-491.878,3415.79,-148.596,-861.655,3485.26,8.76046,-150.531,3485.62,-16.1668,-496.648,3463.07,-53.1714,-863.06,3540.13,-592.086,61.4511,3276.13,486.04,74.7372,3533.55,-61.8316,341.586,3399.25,2,2,2,2,2,2,2,2,2,2,2,2,2,2,2,2,2,2,2
2019-06-10-14-38-43-332,15,-47.5274,443.021,3357.12,-65.3603,268.328,3413.36,-221.468,267.166,3381.87,-442.2,142.096,3377.42,-712.316,139.885,3328.29,86.7867,265.52,3444.46,298.67,157.819,3536.49,576.929,148.456,3544.53,-72.6484,60.8069,3475.21,-80.4141,-111.673,3468.61,-173.762,-146.384,3458.29,-160.814,-490.986,3415.37,-148.846,-862.609,3480.85,10.3885,-150.664,3484.33,-15.8459,-496.541,3462.98,-53.4342,-866.306,3527.88,-667.355,140.335,3336.48,530.47,150.035,3543.19,-62.8276,340.452,3391.86,2,2,2,2,2,2,2,2,2,2,2,2,2,2,2,2,2,2,2
2019-06-10-14-38-43-468,15,-45.9835,438.269,3339.86,-65.951,268.352,3407.89,-225.137,266.628,3389.95,-435.337,122.153,3394.4,-717.739,109.989,3363.06,88.534,265.787,3438.62,295.76,144.237,3526.16,577.953,123.177,3538.15,-72.6271,62.941,3475.48,-79.1575,-108.973,3470.99,-172.742,-145.943,3461.46,-160.255,-490.258,3416.56,-149.655,-862.27,3482.75,11.9018,-150.71,3483.82,-15.3554,-496.434,3462.84,-52.9691,-864.283,3539.83,-670.679,112.015,3368.28,530.845,126.707,3536.16,-63.6271,339.854,3384.36,2,2,2,2,2,2,2,2,2,2,2,2,2,2,2,2,2,2,2
2019-06-10-14-38-43-606,15,-44.8893,437.168,3334.51,-66.2776,268.309,3405.45,-226.547,263.797,3393.19,-387.759,75.9977,3379.79,-635.921,-7.24255,3315.56,90.1684,265.145,3435.11,268.182,98.1019,3478.06,520.992,9.77484,3450.87,-72.6153,64.0528,3475.6,-77.9613,-107.048,3472.37,-171.761,-146.179,3465.96,-159.985,-490.297,3417.32,-150.105,-861.928,3483.97,13.235,-150.848,3483.89,-15.1215,-496.763,3462.82,-52.8693,-864.415,3539.96,-594.6,6.72122,3326.26,478.837,24.6179,3455.4,-64.0677,339.523,3381,2,2,2,2,2,2,2,2,2,2,2,2,2,2,2,2,2,2,2
2019-06-10-14-38-43-745,15,-43.6653,440.3,3348.06,-66.3974,267.833,3408.41,-225.732,259.477,3397.89,-345.701,55.8691,3328,-538.837,-41.6031,3184.54,91.0744,264.249,3437.77,238.744,76.5299,3396.92,444.237,-46.8243,3293.32,-72.6411,63.1034,3476.26,-76.7731,-107.147,3473.25,-170.854,-146.162,3471.25,-158.527,-490.283,3422.2,-150.246,-862.296,3484.83,14.6891,-150.738,3484.53,-14.9781,-496.582,3462.86,-53.0905,-867.159,3519.73,-506.758,-25.2887,3208.45,410.038,-26.1168,3310.59,-64.2172,339.308,3384.72,2,2,2,2,2,2,2,2,2,2,2,2,2,2,2,2,2,2,2
2019-06-10-14-38-43-882,15,-43.2661,444.108,3377.03,-66.2829,267.171,3416.21,-224.936,257.129,3407.22,-337.838,116.429,3255.25,-484.618,44.5192,3050.05,92.4145,263.023,3442.7,225.57,100.884,3319.81,382.229,31.5275,3132.64,-72.2214,60.7816,3477.92,-75.4848,-108.681,3475.37,-169.796,-145.919,3478.86,-157.807,-489.255,3425,-150.31,-861.451,3485.09,16.4621,-150.499,3486.13,-14.8519,-496.049,3462.95,-52.9225,-864.869,3529.52,-460.241,56.4515,3084.25,356.201,42.967,3163.83,-64.2072,339.29,3394.66,2,2,2,2,2,2,2,2,2,2,2,2,2,2,2,2,2,2,2
2019-06-10-14-38-44-018,15,-43.9135,447.733,3404.82,-65.9983,268.16,3425.15,-225.233,260.894,3414.65,-322.69,205.911,3206.9,-437.578,226.255,2975.48,94.2069,264.452,3443.61,216.847,160.376,3258.17,333.426,177.71,3029.83,-71.3621,59.7356,3479.74,-74.1368,-110.809,3478.65,-168.599,-145.007,3480.61,-156.725,-488.866,3431.62,-150.302,-861.977,3485.49,17.8042,-150.186,3488.6,-14.7565,-495.269,3462.96,-52.8454,-861.33,3543.28,-418.458,222.785,3014.05,314.038,174.677,3067.89,-64.1237,340.968,3406.08,2,2,2,2,2,2,2,2,2,2,2,2,2,2,2,2,2,2,2
2019-06-10-14-38-44-155,15,-45.0052,453.123,3420.5,-65.6355,271.867,3432.56,-226.089,271.085,3421.72,-309.021,287.31,3187.87,-377.769,401.897,2966.98,97.0552,273.689,3440.31,205.528,249.5,3217.33,283.88,348.388,2985.61,-70.2743,61.3892,3480.99,-72.7553,-110.95,3479.76,-166.881,-143.52,3479.08,-156.23,-487.814,3435.08,-150.298,-861.42,3485.55,18.4041,-149.576,3489.67,-14.6412,-494.265,3462.91,-52.7137,-859.219,3549.03,-366.259,382.875,3003.8,270.798,331.92,3024.23,-64.0175,345.231,3415.68,2,2,2,2,2,2,2,2,2,2,2,2,2,2,2,2,2,2,2
2019-06-10-14-38-44-293,15,-45.1053,459.195,3420.92,-65.1499,277.289,3437.07,-227.297,286.344,3420.17,-293.495,366.582,3185.65,-301.482,554.09,3005.32,98.8041,285.133,3433.39,203.055,325.855,3202.88,219.655,496.633,3002.23,-69.1734,64.5009,3482.07,-71.7484,-107.835,3478.47,-164.953,-141.231,3475.47,-156.071,-486.448,3436.69,-150.275,-860.35,3483.96,17.8133,-148.032,3489.64,-14.3525,-493.06,3463.03,-52.2151,-859.557,3541.9,-299.999,522.994,3035.38,216.757,468.314,3035.67,-63.7555,350.969,3421.48,2,2,2,2,2,2,2,2,2,2,2,2,2,2,2,2,2,2,2
2019-06-10-14-38-44-428,15,-44.5043,462.935,3407.95,-64.578,282.806,3438.38,-227.254,300.492,3413.47,-268.311,437.801,3196.73,-225.347,672.864,3070.18,101.399,303.07,3421.49,194.607,394.424,3195.26,155.097,621.151,3060.38,-68.0723,68.1151,3483.63,-71.2089,-103.625,3474.85,-162.834,-136.493,3472.07,-156.106,-483.231,3437.25,-150.204,-856.743,3486.26,16.2862,-143.301,3488.77,-13.9016,-489.606,3463.15,-50.876,-855.304,3545.63,-232.353,633.781,3091.28,161.488,583.508,3082.86,-63.3777,356.515,3422.85,2,2,2,2,2,2,2,2,2,2,2,2,2,2,2,2,2,2,2
2019-06-10-14-38-44-562,15,-43.296,462.601,3386.24,-62.0796,287.17,3435.98,-224.439,320,3398.15,-252.054,501.06,3212.55,-162.429,751.123,3136.09,104.334,316.721,3406.92,173.418,453.687,3195.81,99.8788,705.855,3115.4,-67.2354,71.8163,3485.88,-71.1033,-98.9305,3468.75,-161.652,-127.742,3468.28,-156.265,-477.586,3436.48,-150.153,-851.041,3486.69,15.6903,-133.317,3487.48,-13.1691,-482.602,3463.11,-49.9205,-848.998,3543.17,-177.276,709.427,3148.84,112.034,663.858,3128.8,-60.3257,360.53,3419,2,2,2,2,2,2,2,2,2,2,2,2,2,2,2,2,2,2,2
2019-06-10-14-38-44-695,15,-39.9963,461.527,3367.02,-57.168,290.509,3431.53,-220.368,334.433,3394.9,-244.135,532.852,3226.38,-128.971,785.64,3179.43,113.196,333.399,3405.71,158.96,484.802,3198.54,74.5418,749.136,3156.43,-66.8128,75.3633,3487.94,-71.092,-93.9802,3461.39,-161.016,-119.315,3464.07,-156.468,-473.243,3434.4,-150.074,-846.934,3486.61,14.9203,-124.362,3485.45,-12.7619,-477.705,3462.29,-49.7219,-846.782,3530.99,-148.166,743.453,3187.25,88.611,705.047,3163.45,-53.9101,363.275,3412.47,2,2,2,2,2,2,2,2,2,2,2,2,2,2,2,2,2,2,2
2019-06-10-14-38-44-831,15,-33.8753,462.848,3355.94,-50.888,293.182,3426.1,-212.007,343.031,3385.92,-242.711,547.24,3230.39,-117.864,796.947,3187.78,120.803,337.036,3401.7,151.773,499.288,3203.62,65.0499,764.732,3164.68,-66.4537,78.0217,3488.48,-71.109,-89.9525,3454.96,-160.217,-116.002,3459.68,-156.692,-473.825,3431.2,-149.884,-847.653,3487,14.2361,-120.196,3482.5,-12.7704,-477.442,3460.25,-49.6755,-845.599,3537,-138.715,755.285,3194.88,79.5396,720.45,3171.17,-45.676,365.32,3405.2,2,2,2,2,2,2,2,2,2,2,2,2,2,2,2,2,2,2,2
2019-06-10-14-38-44-966,15,-26.5971,466.417,3355.05,-45.3708,294.749,3421,-204.369,346.732,3392.59,-247.453,545.081,3237.85,-137.399,793.256,3175.49,125.193,334.883,3405.95,149.12,490.128,3204.94,68.8347,751.756,3150.13,-65.602,78.2425,3486.45,-71.2001,-88.8627,3450.7,-160.394,-116.546,3457.46,-156.788,-477.383,3427.71,-149.576,-851.302,3487.53,14.9773,-120.23,3478,-12.9557,-480.624,3457.33,-49.8726,-847.96,3541.35,-155.764,751.862,3185.88,82.2441,708.12,3159.27,-38.6678,366.555,3399.3,2,2,2,2,2,2,2,2,2,2,2,2,2,2,2,2,2,2,2
2019-06-10-14-38-45-101,15,-20.8117,470.712,3362.23,-41.4303,295.527,3417.2,-197.18,346.386,3406.1,-288.63,525.233,3259.49,-217.64,773.473,3164.83,126.259,327.533,3403.5,147.213,466.817,3193.95,76.651,718.116,3101.79,-64.304,76.0351,3482.35,-71.3338,-90.7723,3448.82,-161.301,-119.517,3456.73,-156.808,-482.593,3426.11,-149.375,-856.76,3488.39,17.0475,-122.887,3471.73,-13.23,-485.392,3450.54,-50.2943,-853.263,3535.41,-229.438,732.076,3180.61,88.4172,676.211,3117.15,-33.943,367.381,3395.86,2,2,2,2,2,2,2,2,2,2,2,2,2,2,2,2,2,2,2
2019-06-10-14-38-45-236,15,-16.6158,473.631,3369.07,-38.7802,295.884,3414.68,-188.046,341.124,3428.17,-350.506,481.23,3325.8,-357.665,724.897,3207.63,123.955,316.421,3396.31,143.939,423.537,3171.77,87.1302,657.03,3033.9,-62.3751,72.5504,3476.73,-71.6228,-94.2934,3447.97,-162.574,-121.51,3456.76,-156.793,-486.333,3426.43,-149.325,-860.943,3489.12,19.3362,-125.211,3463.85,-13.4251,-489.133,3440.78,-50.2583,-853.414,3541.06,-356.415,684.282,3227.33,96.5838,618.11,3056.88,-31.1448,368.08,3394.6,2,2,2,2,2,2,2,2,2,2,2,2,2,2,2,2,2,2,2
2019-06-10-14-38-45-370,15,-15.3538,474.737,3369.77,-36.5185,295.9,3412.61,-176.811,330.294,3449.71,-390.954,421.467,3434.21,-498.896,638.066,3326.67,115.374,301.373,3371.58,135.46,369.825,3131.39,91.8398,581.236,2955.99,-59.045,68.5935,3469.41,-72.3196,-98.4748,3447.77,-163.352,-122.873,3457.54,-156.762,-488.96,3426.71,-149.299,-863.783,3489.6,20.8657,-126.789,3459.54,-13.5443,-491.483,3431.16,-50.3751,-854.242,3538.23,-480.953,601.929,3344.59,99.0962,546.009,2985.22,-29.2979,368.623,3394.42,2,2,2,2,2,2,2,2,2,2,2,2,2,2,2,2,2,2,2
2019-06-10-14-38-45-505,15,-17.985,474.11,3365.81,-34.7489,295.357,3410.47,-166.054,321.469,3469.39,-383.676,349.741,3552.62,-572.444,527.05,3529.2,100.117,281.99,3348.98,112.325,322.049,3099.98,83.6287,490.725,2882.85,-54.552,64.9063,3460.66,-72.7504,-102.436,3447.86,-163.496,-124.053,3458.72,-156.733,-491.689,3440.06,-149.005,-867.991,3490.09,22.3946,-128.39,3456.56,-13.5757,-493.702,3426.2,-49.949,-849.889,3552.22,-541.099,497.287,3533.1,88.3984,462.655,2919.04,-28.4368,368.671,3394.5,2,2,2,2,2,2,2,2,2,2,2,2,2,2,2,2,2,2,2
2019-06-10-14-38-45-642,15,-26.6685,470.509,3360.46,-33.68,292.685,3408.42,-159.129,304.487,3475.94,-324.484,283.644,3646.79,-536.237,412.713,3734.26,81.1671,262.808,3329.38,84.4783,274.499,3076.41,61.7707,393.407,2827.25,-50.8295,60.7494,3451.91,-72.1011,-106.775,3447.76,-164.046,-126.931,3460.38,-156.675,-495.202,3451.77,-148.973,-872.873,3490.49,24.9837,-131.836,3454.16,-13.703,-497.183,3424.55,-50.4036,-854.263,3548.68,-500.873,390.947,3719.68,65.5596,373.632,2868.77,-28.2174,366.509,3394.59,2,2,2,2,2,2,2,2,2,2,2,2,2,2,2,2,2,2,2
2019-06-10-14-38-45-774,15,-39.989,461.381,3355.14,-33.3763,286.145,3406.71,-149.106,284.311,3483.77,-241.659,240.701,3708.23,-427.541,313.881,3890.17,65.0426,240.471,3323.41,57.2438,232.383,3070.02,33.3919,300.832,2799.4,-49.2657,54.1512,3444.58,-70.15,-113.371,3446.51,-164.571,-136.094,3461.22,-156.507,-503.136,3459.7,-149.013,-881.574,3490.95,28.2958,-140.726,3450.39,-14.5359,-504.446,3424.39,-51.2714,-862.743,3545.07,-396.363,301.536,3859.85,37.3811,289.437,2844.5,-28.2964,360.319,3394.62,2,2,2,2,2,2,2,2,2,2,2,2,2,2,2,2,2,2,2
2019-06-10-14-38-45-907,15,-46.2282,449.491,3346.25,-33.3084,276.476,3402.47,-134.957,253.946,3476.63,-159.582,211.605,3725.46,-275.838,230.745,3972.58,45.8257,216.253,3320.83,24.3099,313.176,3119.58,-8.50209,473.073,3028.53,-48.4971,45.4598,3440.96,-67.0005,-121.783,3446.15,-163.169,-162.314,3462.05,-156.132,-529.367,3468.79,-148.535,-908.401,3492,30.0696,-165.002,3447.54,-18.2138,-528.198,3423.32,-53.3273,-884.596,3549.7,-256.273,227.545,3931.39,-3.10219,446.992,3043.7,-28.4343,350.631,3390.12,2,2,2,2,2,2,2,2,2,2,2,2,2,2,2,2,2,2,2
2019-06-10-14-38-46-040,15,-45.0558,438.649,3335.38,-32.1296,266.646,3393.17,-113.315,237.54,3479.12,-87.5399,191.354,3732.22,-121.079,164.946,4006.64,36.4027,192.807,3327.48,3.72119,343.79,3148.62,-42.9051,509.04,3239.05,-48.0621,38.3261,3439.5,-64.0336,-129.304,3446.83,-166.285,-175.156,3464.38,-155.405,-542.747,3476.99,-148.295,-922.24,3491.77,36.428,-169.333,3444.24,-20.1179,-532.26,3423.32,-53.6231,-888.686,3550.25,-115.423,169.437,3960.9,-35.214,481.587,3223.97,-26.9918,340.252,3378.23,2,2,2,2,2,2,2,2,2,2,2,2,2,2,2,2,2,2,2
2019-06-10-14-38-46-173,15,-38.3627,433.439,3324.67,-29.0576,260.036,3379.78,-95.9191,219.936,3463.31,-86.0965,-41.0787,3449.25,-86.0965,-366.975,3449.25,20.4309,176.52,3312.43,4.95966,213.487,3103.28,-61.8192,305.631,3022.57,-47.8933,37.2121,3438.59,-62.234,-131.011,3449.05,-167.603,-178.285,3468.7,-155.317,-546.843,3480.93,-148.097,-926.148,3491.46,40.1331,-167.959,3441.29,-21.0041,-531.343,3423.81,-53.5641,-887.974,3549.37,-86.0965,-274.065,3449.25,-50.4932,290.64,3036.02,-22.9199,332.502,3360.62,2,2,2,0,0,2,2,2,2,2,2,2,2,2,2,2,0,2,2
2019-06-10-14-38-46-305,15,-29.9796,433.073,3317.84,-24.5106,257.887,3365.32,-67.6723,237.348,3468.98,-48.5098,6.1709,3475.86,-48.5098,-318.876,3475.86,40.896,199.101,3261.67,1.31515,122.403,3066.12,-71.9605,220.961,2894.26,-47.7559,43.0872,3438.49,-61.1174,-125.539,3453.97,-163.757,-181.667,3477.61,-155.775,-551.327,3481.09,-147.79,-928.885,3491.41,39.517,-170.031,3440.15,-22.3804,-534.346,3424.4,-53.6802,-889.396,3549.53,-48.5098,-225.879,3475.86,-59.619,204.614,2922.9,-16.8276,328.649,3341.16,2,2,2,0,0,2,2,2,2,2,2,2,2,2,2,2,0,2,2
2019-06-10-14-38-46-438,15,-22.8746,433.516,3315.74,-19.7989,257.94,3352.52,-68.8206,248.669,3458.92,-76.3983,7.14716,3450.52,-76.3983,-317.221,3450.52,60.4858,208.776,3232.64,-0.935046,80.9803,3042.78,-71.5454,178.316,2819.2,-47.5609,52.0873,3438.7,-60.4033,-116.278,3459.71,-157.816,-181.315,3484.91,-156.529,-551.803,3480.56,-147.563,-928.779,3491.41,35.2748,-171.842,3440.72,-26.8945,-536.903,3424.31,-53.4537,-892.016,3548.68,-76.3983,-224.154,3450.52,-59.7333,162.103,2856.46,-10.491,326.761,3323.66,2,2,2,0,0,2,2,2,2,2,2,2,2,2,2,2,0,2,2
2019-06-10-14-38-46-572,15,-19.6604,433.139,3316.38,-16.4797,258.667,3344.02,-87.8984,282.92,3447.47,-107.164,58.8126,3439.29,-107.164,-265.012,3439.29,69.9716,197.058,3239.06,7.35175,80.9075,3029.44,-59.7704,135.97,2772.9,-47.6727,61.3126,3439.51,-60.2666,-106.813,3461.24,-152.372,-178.078,3481.45,-157.158,-549.25,3481.06,-147.448,-926.236,3491.32,30.6007,-170.518,3441.68,-30.3676,-536.406,3424.66,-52.379,-892.402,3547.43,-107.164,-171.889,3439.29,-48.5808,126.809,2815.66,-5.85994,325.762,3311.53,2,2,2,0,0,2,2,2,2,2,2,2,2,2,2,2,0,2,2
2019-06-10-14-38-46-705,15,-19.3555,431.156,3319.21,-15.3271,259.068,3340.96,-104.186,273.822,3429.21,-116.697,9.11606,3416.13,-116.697,-314.274,3416.13,84.2915,198.502,3238.93,35.0875,74.9577,3024.5,1.12461,120.813,2752.38,-48.6362,66.0658,3442.34,-60.7571,-101.922,3458.76,-147.962,-171.681,3477.16,-157.562,-543.321,3479.77,-147.498,-920.813,3491.37,26.7481,-166.83,3442.62,-32.2655,-533.528,3425.18,-50.6483,-891.509,3544.44,-116.697,-221.107,3416.13,6.7754,113.154,2797.73,-3.94715,325.051,3306.32,2,2,2,0,0,2,2,2,2,2,2,2,2,2,2,2,0,2,2
2019-06-10-14-38-46-844,15,-21.8364,429.28,3325.5,-17.4996,258.884,3343.77,-127.641,274.961,3414.6,-139.435,199.976,3688.4,-202.891,-106.886,3643.17,106.005,206.989,3272.67,100.244,73.2593,3061.07,109.824,91.2282,2784.15,-50.19,66.1442,3446.27,-61.7734,-103.48,3455.06,-148.15,-160.912,3474,-157.484,-532.978,3472.6,-147.814,-909.164,3492.04,24.7945,-161.556,3444.55,-30.0409,-529.224,3425.91,-48.9083,-887.319,3541.79,-202.891,-13.6826,3643.17,108.245,88.1977,2830.31,-6.34207,324.746,3308.78,2,2,2,2,0,2,2,2,2,2,2,2,2,2,2,2,0,2,2
2019-06-10-14-38-46-983,15,-27.431,431.216,3336.28,-24.0368,259.85,3352.66,-151.355,285.19,3411.13,-222.226,212.669,3648.46,-294.011,-96.2793,3616.98,113.131,218.808,3326.26,174.669,81.3468,3133.79,264.697,63.7096,2882.93,-54.2786,65.7389,3449.32,-65.1768,-105.989,3454.16,-154.957,-146.521,3472.39,-157.121,-518.233,3454.8,-148.253,-892.685,3492.79,22.4009,-155.221,3453.03,-24.8394,-523.64,3426.33,-47.1183,-882.316,3539.53,-294.011,-3.0475,3616.98,249.829,66.5697,2924.74,-13.6404,326.675,3319.43,2,2,2,2,0,2,2,2,2,2,2,2,2,2,2,2,0,2,2
2019-06-10-14-38-47-130,15,-33.1541,437.297,3347.88,-34.3784,263.092,3365.88,-174.351,291.954,3410.23,-328.884,207.317,3560.67,-405.53,-119.967,3493.04,106.937,233.366,3377.37,241.374,87.1461,3250.26,418.752,77.0822,3064.07,-62.1008,65.7282,3452,-72.2146,-106.097,3456.59,-164.967,-138.562,3472.39,-156.775,-505.047,3429.51,-148.696,-875.403,3494.34,15.7072,-150.098,3469.73,-20.3725,-516.18,3432.63,-45.2757,-877.134,3537.4,-405.53,-26.7125,3493.04,389.397,78.7666,3095.1,-24.7759,331.526,3336.06,2,2,2,2,0,2,2,2,2,2,2,2,2,2,2,2,0,2,2
2019-06-10-14-38-47-267,15,-35.4092,445.42,3357.86,-46.4925,268.812,3380.25,-196.822,291.136,3394.72,-390.688,190.543,3413.96,-420.062,-144.919,3305.51,93.104,251.531,3424.92,268.719,106.02,3413.05,510.205,110.76,3337.55,-72.0458,67.6016,3455.42,-81.3817,-103.406,3461.12,-175.937,-136.362,3472.21,-156.33,-493.914,3403.18,-149.091,-858.317,3496.07,6.05521,-146.234,3486.31,-18.3129,-508.905,3448.23,-45.0792,-874.108,3535.78,-420.062,-51.6458,3305.51,470.005,110.049,3350.13,-37.6062,338.805,3354.12,2,2,2,2,0,2,2,2,2,2,2,2,2,2,2,2,0,2,2
2019-06-10-14-38-47-402,15,-33.6198,452.265,3367.53,-57.5617,275.343,3392.49,-205.966,283.974,3358.58,-377.681,169.542,3261.55,-349.808,-167.191,3161.55,85.0353,271.306,3452.83,222.794,101.187,3535.82,443.705,153.379,3617.67,-81.3779,71.116,3460.36,-90.831,-98.835,3465.56,-185.864,-136.553,3467.41,-157.48,-493.428,3401.64,-149.128,-856.376,3499.86,-5.29645,-144.581,3499.1,-18.6536,-507.113,3467.5,-46.9627,-875.68,3534.91,-349.808,-73.9028,3161.55,406.461,144.898,3604.03,-49.2788,346.358,3368.89,2,2,2,2,0,2,2,2,2,2,2,2,2,2,2,2,0,2,2
2019-06-10-14-38-47-543,15,-30.9016,454.938,3377.83,-67.8761,279.449,3399.12,-192.768,277.075,3308.61,-305.222,147.056,3139.09,-158.95,164.624,3369.2,61.0327,280.233,3484.15,112.125,68.3674,3569.86,242.422,-45.8615,3576.99,-92.5752,73.3775,3462.02,-101.943,-95.6187,3464.16,-191.407,-135.908,3440.4,-156.971,-493.626,3401.57,-148.852,-857.354,3500.28,-19.2119,-146.355,3500.78,-25.8465,-507.963,3478.14,-51.1804,-879.52,3534.9,-160.762,162.243,3371,220.769,-26.0835,3575.8,-59.2962,351.033,3377.26,2,2,2,2,2,2,2,2,2,2,2,2,2,2,2,2,2,2,2
2019-06-10-14-38-47-676,15,-29.421,453.965,3388.2,-76.4725,281.329,3399.62,-163.672,266.54,3268.52,-218.147,165.246,3046.82,-152.661,132.696,2983.99,22.251,297.175,3515.76,2.68391,64.2423,3551.74,118.302,-135.562,3545.65,-103.906,75.0492,3460.68,-113.821,-93.1678,3459.13,-192.245,-137.121,3410.6,-157.904,-498.5,3403.27,-148.355,-860.342,3501.08,-38.1053,-149.845,3504.78,-35.418,-513.724,3485.29,-58.3452,-884.384,3536.38,-153.945,138.386,3011.9,99.0824,-101.818,3546.66,-66.9402,353.003,3378.4,2,2,2,2,2,2,2,2,2,2,2,2,2,2,2,2,2,2,2
2019-06-10-14-38-47-810,15,-29.8975,451.191,3398.57,-81.222,281.721,3395.86,-124.515,265.521,3235.8,-135.067,183.756,2992.2,-93.3598,129.535,2784.19,-14.4692,301.255,3531.76,-37.6247,48.7916,3535.81,-37.6247,-273.629,3535.81,-111.595,75.1169,3454.78,-121.859,-92.6219,3451.17,-194.386,-142.768,3389.21,-156.031,-504.416,3406.39,-147.276,-865.277,3500.3,-51.5517,-154.182,3505.92,-49.7461,-518.673,3488.17,-65.3175,-888.042,3537.36,-97.1017,138.484,2824.56,-37.6247,-180.078,3535.81,-70.6742,353.473,3375.4,2,2,2,2,2,2,0,0,2,2,2,2,2,2,2,2,2,0,2
2019-06-10-14-38-47-955,15,-32.0604,446.919,3410.03,-82.6562,281.107,3390.69,-101.11,258.424,3224.84,-70.8657,131.759,3010.16,16.2729,136.454,2761.59,-45.3478,312.097,3539.95,-62.0689,67.3196,3539.8,-62.0689,-254.95,3539.8,-114.354,72.8162,3444.49,-125.329,-94.5548,3440.82,-201.053,-149.944,3378.99,-151.276,-511.232,3408.32,-145.98,-872.981,3497.51,-58.8972,-155.949,3504.89,-57.983,-521.636,3487.67,-75.5794,-890.433,3538.13,2.22148,135.494,2803.55,-62.0689,-161.439,3539.8,-71.6744,353.273,3372.04,2,2,2,2,2,2,0,0,2,2,2,2,2,2,2,2,2,0,2
2019-06-10-14-38-48-092,15,-34.9192,442.164,3420.18,-82.3382,280.253,3386.46,-89.7963,259.596,3218.53,-46.2079,86.0386,3048.05,69.9251,145.893,2802.01,-57.0824,304.474,3537.84,-57.7101,44.0382,3531.31,-57.7101,-278.111,3531.31,-114.171,69.6051,3435.56,-126.008,-97.4055,3434.67,-207.655,-158.561,3379.13,-145.068,-519.531,3407.81,-144.599,-881.832,3498.24,-61.2521,-157.798,3505.61,-62.2837,-524.672,3485.92,-78.9032,-893.966,3539,50.0544,135.874,2841.81,-57.7101,-184.632,3531.31,-71.3674,352.839,3369.53,2,2,2,2,2,2,0,0,2,2,2,2,2,2,2,2,2,0,2
2019-06-10-14-38-48-226,15,-37.3396,438.643,3425.08,-81.3165,279.627,3384.42,-95.5047,252.17,3225.61,-48.2842,99.7409,3035.04,78.2169,125.965,2783.22,-55.2244,306.46,3535.95,-47.2789,56.9972,3532.3,-47.2789,-265.055,3532.3,-112.839,67.0357,3432.34,-125.367,-99.6865,3436.29,-211.93,-161.718,3384.22,-140.167,-522.717,3407.13,-144.131,-885.397,3499.92,-59.0508,-162.399,3508.99,-62.6827,-530.179,3484.45,-70.383,-900.083,3541.3,56.4427,121.57,2823.78,-47.2789,-171.602,3532.3,-70.5279,352.367,3368.02,2,2,2,2,2,2,0,0,2,2,2,2,2,2,2,2,2,0,2
2019-06-10-14-38-48-361,15,-38.8099,437.18,3427.02,-79.7433,279.491,3386.85,-112.785,244.552,3242.21,-40.5326,157.722,3028.93,69.1023,150.472,2770.12,-40.2993,303.155,3531,-24.7441,49.2293,3526.05,-24.7441,-272.746,3526.05,-109.631,66.7841,3439.78,-122.536,-99.7719,3447.93,-213.205,-163.069,3402.04,-142.154,-523.515,3405.82,-143.55,-884.974,3504.76,-51.7101,-168.297,3514.65,-58.8622,-534.628,3484.65,-56.0235,-904.652,3543.6,50.277,151.652,2812.16,-24.7441,-179.314,3526.05,-69.5656,351.912,3368.84,2,2,2,2,2,2,0,0,2,2,2,2,2,2,2,2,2,0,2
2019-06-10-14-38-48-498,15,-38.7034,440.039,3425.27,-77.5166,279.769,3393.28,-154.334,248.268,3279.84,-161.392,159.02,3064.13,-146.979,118.658,2803.12,-19.6353,297.5,3525.07,-2.85024,42.4137,3520.38,-2.85024,-279.501,3520.38,-103.553,68.5032,3454.16,-116.651,-97.88,3464.72,-211.535,-162.855,3433.22,-149.72,-522.735,3402.2,-142.95,-880.476,3512.56,-36.2133,-164.172,3518.37,-50.6864,-529.997,3483.64,-53.1576,-899.516,3544.86,-149.735,125.363,2845.92,-2.85024,-186.085,3520.38,-68.6666,351.604,3372.59,2,2,2,2,2,2,0,0,2,2,2,2,2,2,2,2,2,0,2
2019-06-10-14-38-48-637,15,-37.5656,446.149,3417.4,-75.1494,280.331,3403.06,-190.245,262.729,3317.77,-280.953,152.356,3139.93,-383.586,112.394,2912.01,21.4989,294.402,3505.2,52.8034,42.2759,3489.34,52.8034,-284.016,3489.34,-95.9416,71.6598,3472.16,-108.277,-94.6758,3481.97,-203.895,-158.359,3464.36,-158.775,-515.077,3403.42,-142.841,-870.96,3515.32,-19.8555,-154.521,3519.13,-34.7472,-518.582,3484.22,-53.3089,-886.598,3543.3,-366.853,119.055,2949.61,52.8034,-190.612,3489.34,-68.0715,351.463,3379.49,2,2,2,2,2,2,0,0,2,2,2,2,2,2,2,2,2,0,2
2019-06-10-14-38-48-774,15,-38.6557,452.178,3403.16,-73.24,280.949,3414.16,-214.882,279.222,3373.74,-381.552,163.035,3276.13,-585.114,133.744,3141.71,53.8123,290.805,3484.15,73.4488,38.2991,3469.68,73.4488,-287.069,3469.68,-89.2721,74.5632,3487.56,-99.0947,-91.802,3494.23,-194.244,-149.506,3482.19,-165.77,-506.09,3419.51,-142.778,-866.719,3511.65,-6.06674,-144.328,3518.63,-26.729,-505.576,3482.88,-52.8673,-873.569,3540.46,-551.509,138.685,3163.93,73.4488,-193.676,3469.68,-67.7539,351.711,3388.98,2,2,2,2,2,2,0,0,2,2,2,2,2,2,2,2,2,0,2
2019-06-10-14-38-48-912,15,-44.8415,455.363,3387.46,-71.977,281.742,3423.68,-220.831,288.121,3428.77,-409.371,176.606,3462.49,-646.503,187.19,3491.08,75.7429,281.891,3436.48,109.78,73.5875,3425.61,259.858,-71.1392,3315.48,-84.6538,76.1609,3496.35,-91.4605,-90.1649,3499.39,-186.181,-142.194,3493.92,-168.92,-499.716,3445.69,-142.945,-866.554,3504.92,1.42566,-141.945,3513.89,-23.4035,-500.291,3473.7,-52.9165,-866.955,3539.86,-606.742,185.632,3486.24,234.618,-47.0613,3333.84,-67.6093,352.651,3398.61,2,2,2,2,2,2,2,2,2,2,2,2,2,2,2,2,2,2,2
2019-06-10-14-38-49-051,15,-56.5035,455.32,3375.57,-71.3298,282.238,3427.9,-213.289,281.398,3462.15,-337.845,212.622,3623.06,-523.092,216.986,3791.69,65.5917,266.778,3373.38,106.896,76.6466,3274.48,101.172,-245.121,3160.07,-82.2351,76.1707,3496.28,-87.0437,-89.9466,3495.89,-181.645,-138.242,3497.28,-168.724,-498.001,3460.99,-143.536,-865.95,3501.22,4.54561,-141.774,3491.69,-26.9708,-499.147,3444.31,-52.772,-856.956,3537.65,-491.643,216.286,3763.56,101.172,-151.743,3160.07,-67.5497,353.647,3404.21,2,2,2,2,2,2,2,0,2,2,2,2,2,2,2,2,2,0,2
2019-06-10-14-38-49-183,15,-69.8892,453.225,3364.82,-70.9047,281.76,3423.61,-179.314,270.817,3499.24,-232.108,246.811,3725.61,-309.646,243.03,3971.4,27.0843,262.139,3309.89,39.2659,80.2964,3161.23,-16.8857,-240.714,3094.16,-80.6532,73.107,3482.78,-84.2475,-94.6724,3484.24,-173.874,-148.457,3498.2,-168.95,-510.452,3465,-143.08,-875.967,3503.12,6.44655,-145.552,3466.78,-47.4966,-500.071,3410.54,-53.5503,-845.581,3533.48,-296.323,243.644,3930.44,-16.8857,-147.34,3094.16,-67.5208,354.114,3403.09,2,2,2,2,2,2,2,0,2,2,2,2,2,2,2,2,2,0,2
2019-06-10-14-38-49-315,15,-83.1598,450.903,3355.77,-70.6738,279.059,3410.45,-139.295,249.077,3505.71,-187.654,191.328,3501.71,-266.873,130.305,3499.14,-7.82287,260,3265.02,-47.8705,65.9201,3126.44,-113.468,-270.15,3128.1,-79.7908,67.7239,3459.99,-82.3523,-100.273,3468.14,-169.245,-155.342,3499.56,-169.123,-519.061,3463.94,-138.224,-879.843,3511.21,5.49977,-152.002,3434.61,-74.0577,-504.61,3387.58,-55.8098,-838.738,3530.78,-253.036,140.941,3499.57,-113.468,-176.78,3128.1,-67.5119,352.283,3393.28,2,2,2,2,2,2,2,0,2,2,2,2,2,2,2,2,2,0,2
2019-06-10-14-38-49-450,15,-94.8693,449.001,3348.68,-70.609,276.183,3392.72,-105.691,231.927,3493.81,-175.655,157.508,3364.39,-287.905,80.4675,3231.31,24.7479,254.219,3283.38,5.16612,141.587,3350.09,75.8713,-106.676,3561.23,-79.5334,63.2621,3434.52,-81.8904,-104.37,3449.99,-164.701,-153.368,3500.29,-169.708,-518.547,3462.56,-120.764,-872.713,3519.38,8.22573,-157.858,3419.27,-93.9097,-506.961,3374,-64.4027,-832.819,3529.56,-268.66,93.559,3253.5,75.8713,-13.3095,3561.23,-67.5127,350.019,3378.22,2,2,2,2,2,2,2,0,2,2,2,2,2,2,2,2,2,0,2
2019-06-10-14-38-49-584,15,-104.177,447.488,3347.31,-70.6603,274.358,3376.7,-101.91,228.102,3477.82,-187.734,139.988,3290.03,-318.768,55.4805,3094.95,39.9218,248.92,3348.28,46.5324,180.327,3525.78,85.2013,-118.859,3652.71,-79.6917,61.8177,3417.65,-82.3352,-105.309,3436.94,-163.472,-141.959,3499.18,-169.497,-508.658,3462.51,-107.165,-858.948,3516.63,10.7406,-159.173,3416.98,-97.8131,-507.865,3367.77,-78.0371,-829.85,3528.33,-296.693,69.6421,3127.47,85.2013,-25.4939,3652.71,-67.5183,348.278,3362.46,2,2,2,2,2,2,2,0,2,2,2,2,2,2,2,2,2,0,2
2019-06-10-14-38-49-718,15,-108.238,446.507,3349.57,-70.7523,273.734,3365.92,-137.438,225.582,3432.29,-211.513,119.059,3219.37,-336.961,26.7732,2989.86,46.0944,252.399,3393.15,67.9116,205.168,3623.06,237.454,33.5143,3619.7,-79.9878,63.5607,3412.73,-83.1439,-104.958,3432.75,-163.279,-139.713,3497.84,-169.061,-507.638,3462.26,-107.271,-856.662,3514.53,11.3617,-157.346,3420.55,-91.2868,-508.19,3365.58,-86.4396,-828.015,3527.26,-316.014,42.147,3028.12,213.537,52.7672,3607.94,-67.5237,347.176,3349.55,2,2,2,2,2,2,2,2,2,2,2,2,2,2,2,2,2,2,2
2019-06-10-14-38-49-852,15,-106.655,446.811,3352.34,-70.7875,273.718,3361.05,-128.812,242.013,3448.6,-190.991,122.85,3229.21,-273.026,17.269,2979.49,48.4252,252.271,3409.13,6.56792,175.001,3416.54,-10.5376,33.5277,3300.7,-80.089,66.1981,3415.59,-83.4097,-102.29,3436.37,-161.742,-154.224,3495.02,-168.186,-523.205,3461.73,-125.87,-872.096,3520.49,10.5762,-160.608,3426.95,-81.737,-514.507,3368.09,-86.2131,-833.342,3528.69,-259.385,34.824,3021.11,-5.31624,53.3039,3312.39,-67.5262,346.461,3341.91,2,2,2,2,2,2,2,2,2,2,2,2,2,2,2,2,2,2,2
2019-06-10-14-38-49-988,15,-99.0275,447.19,3354.54,-70.7457,272.4,3361.75,-125.964,254.124,3463.03,-123.433,12.7374,3476.64,-123.433,-311.9,3476.64,41.3122,238.264,3341.08,15.5533,80.3591,3270.34,-55.807,-26.9836,3072.5,-80.1744,67.8169,3424.42,-83.5123,-100.238,3445.29,-163.135,-164.022,3494.84,-165.559,-533.654,3460.95,-137.366,-880.367,3532.76,9.18595,-164.578,3436.96,-76.2096,-522.169,3386.86,-75.3125,-846.037,3533.65,-123.433,-218.546,3476.64,-43.253,-10.2387,3101.38,-67.4308,344.312,3339.71,2,2,2,0,0,2,2,2,2,2,2,2,2,2,2,2,0,2,2
2019-06-10-14-38-50-128,15,-91.3627,446.212,3356.42,-70.6844,269.936,3369.79,-154.993,264.423,3459.81,-180.031,20.4147,3455.6,-180.031,-303.634,3455.6,-23.5886,258.836,3208.4,-23.5886,8.63965,3208.4,-23.5886,-315.415,3208.4,-80.1525,69.0456,3441.56,-83.5345,-98.8747,3457.54,-168.22,-168.084,3495.76,-162.535,-538.091,3461.21,-143.341,-886.811,3539.71,8.65782,-168.429,3456.74,-63.3686,-528.798,3402.28,-55.2801,-859.623,3538.69,-180.031,-210.279,3455.6,-23.5886,-222.054,3208.4,-67.3457,340.764,3344.48,2,2,2,0,0,0,0,0,2,2,2,2,2,2,2,2,0,0,2
2019-06-10-14-38-50-265,15,-85.6606,444.593,3358.57,-70.7194,267.403,3384.06,-188.343,268.689,3441.73,-212.406,19.3288,3426.06,-212.406,-304.25,3426.06,75.822,255.943,3411.95,75.822,5.76126,3411.95,75.822,-317.822,3411.95,-80.2102,69.0441,3461.48,-83.6682,-98.7708,3469.26,-176.026,-164.458,3494.31,-161.533,-534.676,3460.27,-146.183,-886.215,3541.23,9.34942,-168.197,3478.45,-42.0949,-532.419,3424.7,-45.7453,-873.194,3541.88,-212.406,-210.894,3426.06,75.822,-224.462,3411.95,-67.3647,337.51,3356.7,2,2,2,0,0,0,0,0,2,2,2,2,2,2,2,2,0,0,2
2019-06-10-14-38-50-403,15,-81.8463,443.37,3364.2,-72.5498,265.659,3399.19,-211.145,266.357,3397.83,-223.334,12.2265,3362.98,-223.334,-310.977,3362.98,64.2306,255.168,3448.21,64.2306,4.99785,3448.21,64.2306,-318.209,3448.21,-82.4782,68.4219,3478.98,-85.6299,-99.1699,3478.87,-184.057,-156.058,3485.91,-161.821,-525.479,3444.91,-147.266,-878.154,3537.02,8.09553,-165.085,3495.17,-28.0848,-532.898,3451.31,-45.8298,-884.5,3542.98,-223.334,-217.62,3362.98,64.2306,-224.849,3448.21,-69.037,335.447,3370.96,2,2,2,0,0,0,0,0,2,2,2,2,2,2,2,2,0,0,2
2019-06-10-14-38-50-539,15,-78.8825,442.334,3372.16,-77.0174,263.533,3409.66,-202.951,263.631,3333.02,-189.625,10.4932,3285.55,-189.625,-312.41,3285.55,2.93531,247.654,3512.07,2.93531,-2.50693,3512.07,2.93531,-325.413,3512.07,-87.2885,65.6321,3486.37,-90.6293,-103.455,3482.62,-192.24,-133.196,3470.58,-163.029,-501.327,3421.05,-147.841,-854.847,3521.75,1.44205,-156.212,3513.18,-28.1311,-525.404,3471.07,-57.1,-884.783,3540.98,-189.625,-219.052,3285.55,2.93531,-232.052,3512.07,-73.3755,333.711,3382.46,2,2,2,0,0,0,0,0,2,2,2,2,2,2,2,2,0,0,2
