2019-06-21-06-02-18-257,148,-122.71,620.746,3124.54,-67.6039,458.773,3113.68,-189.79,475.804,2949.13,-189.79,189.665,2949.13,-189.79,-176.024,2949.13,49.9248,523.083,3024.71,156.504,282.917,2914.08,210.117,15.056,2755.93,-49.0089,279.833,2930.23,-38.8763,103.268,2817.13,-149.659,-33.1306,2740.49,-154.634,-422.414,2673.66,-154.634,-822.684,2673.66,80.291,-40.4002,2764.28,-58.2367,-202.387,2395.96,-55.3593,-579.501,2347.47,-189.79,-70.3524,2949.13,199.601,58.8251,2782.4,-73.8085,518.441,3174.86,2,2,0,0,0,2,2,2,2,2,2,0,0,2,2,0,0,2,2
2019-06-21-06-02-18-416,148,-82.1379,660.219,2992.4,-61.7177,495.111,2989.67,-104.95,543.631,2777.79,-104.95,256.914,2777.79,-104.95,-114.344,2777.79,77.0066,605.094,2931,175.864,351.281,2843.33,197.208,96.2878,2675.4,-46.6839,314.468,2806.53,-40.9096,134.92,2697.89,-152.084,10.1173,2630.05,-153.879,-391.039,2567.18,-153.879,-792.508,2567.18,71.0919,3.18706,2668.2,62.7395,-397.362,2612.02,62.7395,-798.831,2612.02,-104.95,-8.23016,2777.79,193.973,139.034,2705.66,-66.7429,555.416,3050.82,2,2,0,0,0,2,2,2,2,2,2,0,0,2,0,0,0,2,2
2019-06-21-06-02-18-573,148,-12.7942,695.236,2869.34,-41.3737,531.983,2860.17,-77.8672,591.501,2643.66,-77.8672,299.564,2643.66,-77.8672,-71.8023,2643.66,122.182,605.65,2819.31,218.944,339.046,2768.29,161.078,160.103,2554.98,-31.679,347.212,2683.73,-29.8774,164.197,2580.89,-141.698,54.4256,2517.99,-132.948,-347.664,2454.34,-132.948,-750.106,2454.34,80.9373,51.4573,2564.42,89.6464,-347.429,2502.95,89.6464,-749.871,2502.95,-77.8672,34.6683,2643.66,171.714,190.272,2592.85,-44.6373,594.345,2919.68,2,2,0,0,0,2,2,2,2,2,2,0,0,2,0,0,0,2,2
2019-06-21-06-02-18-755,148,53.7535,724.197,2763.3,-9.56378,563.03,2728.87,-182.961,572.461,2959.56,-199.001,286.326,2886.91,-283.679,84.2013,2710.83,155.817,576.835,2704.39,266.607,309.779,2670.47,121.349,256.356,2440.08,-3.38048,369.941,2564.68,-3.91604,183.091,2468.88,-119.005,98.8097,2435.32,-101.634,-303.846,2397.2,-101.634,-707.082,2397.2,106.493,94.6863,2470.18,126.386,-309.894,2418.58,126.386,-713.13,2418.58,-269.94,118.244,2740.18,146.419,265.553,2480.18,-11.6665,628.882,2784.78,2,2,2,2,2,2,2,2,2,2,2,0,0,2,0,0,2,2,2
2019-06-21-06-02-18-912,148,72.7975,758.731,2666.89,23.5036,586.19,2595.94,-161.994,633.097,2675.44,-166.132,340.212,2639.61,-205.397,149.027,2407.9,170.995,554.159,2569.29,316.509,308.643,2519.88,268.675,464.332,2369.96,29.0204,383.876,2446.72,28.0045,192.971,2359.11,-89.9751,141.726,2346.68,-69.8792,-263.398,2299.41,-69.8792,-667.269,2299.41,142.478,134.603,2365.6,167.69,-273.442,2304.66,167.69,-677.313,2304.66,-199.033,181.023,2446.52,277.654,439.437,2396,21.599,655.85,2647.23,2,2,2,2,2,2,2,2,2,2,2,0,0,2,0,0,2,2,2
2019-06-21-06-02-19-110,148,56.6932,778.033,2559.88,48.3334,603.972,2460.03,-128.019,639.345,2445.37,-141.517,366.16,2508.21,-192.701,218.36,2236.5,182.564,555.847,2419.89,331.777,320.448,2341.71,314.047,585.552,2245.69,52.8684,394.117,2326.16,51.631,198.754,2248.75,-67.22,165.384,2252.59,-54.2323,-255.999,2199.54,-54.2323,-660.372,2199.54,168.42,161.24,2261.55,182.926,-257.435,2202.31,182.926,-661.809,2202.31,-184.147,242.926,2281.78,317.56,542.047,2262.26,46.7486,677.037,2506.57,2,2,2,2,2,2,2,2,2,2,2,0,0,2,0,0,2,2,2
2019-06-21-06-02-19-273,148,37.897,783.175,2441.82,64.0756,615.204,2328.68,-90.1898,629.534,2257.02,-66.8157,323.838,2167.91,-66.8157,-50.4835,2167.91,204.382,577.141,2276.72,332.005,323.033,2243.97,306.483,618.855,2134.75,64.0636,394.602,2213.21,61.1883,194.333,2149.87,-54.1611,183.083,2180.72,-49.0492,-240.729,2146.84,-49.0492,-645.484,2146.84,174.554,183.911,2187.24,-9.87853,-47.4751,2047.66,19.4518,-360.195,1781.04,-66.8157,56.8338,2167.91,310.995,569.726,2153.21,64.0806,692.006,2368.88,2,2,2,0,0,2,2,2,2,2,2,0,0,2,2,0,0,2,2
2019-06-21-06-02-19-433,148,30.0006,780.031,2327.8,73.3859,618.236,2211.46,-65.0041,597.703,2132.92,-52.1129,281.544,2090.39,-52.1129,-92.2203,2090.39,237.05,604.913,2170.22,327.256,333.739,2154.52,283.046,640.245,2051.83,67.8737,385.715,2120.05,62.9925,181.631,2070.9,-45.6853,178.081,2120.15,-43.1406,-262.782,2092.72,-43.1406,-667.795,2092.72,173.423,184.617,2120.9,-0.987519,21.421,1832.17,-0.312632,-352.919,1714.91,-52.1129,15.198,2090.39,290.507,589.165,2069.04,75.3015,698.82,2243.19,2,2,2,0,0,2,2,2,2,2,2,0,0,2,2,0,0,2,2
2019-06-21-06-02-19-592,148,33.586,772.192,2226.1,81.4939,614.127,2111.72,-54.8366,571.88,2057.74,-53.2166,265.512,2043.38,-53.2166,-107.733,2043.38,236.557,583.291,2070.19,331.811,330.133,1994.86,267.621,639.666,1982.41,71.164,373.58,2045.28,62.5363,167.209,2007.19,-35.0267,145.594,2067.64,-29.4883,-314.343,2043.85,-29.4883,-719.484,2043.85,170.109,151.218,2052.82,165.772,-310.209,2017.43,165.772,-715.349,2017.43,-53.2166,-0.255646,2043.38,278.165,587.983,1984.51,85.086,697.509,2134.78,2,2,2,0,0,2,2,2,2,2,2,0,0,2,0,0,0,2,2
2019-06-21-06-02-19-750,148,57.6818,753.8,2093.16,91.8293,603.804,2026.91,-38.3187,542.918,2006.15,-29.0787,235.223,1997.95,-29.0787,-137.489,1997.95,237.416,567.761,1965.46,300.798,327.183,1836.53,250.975,635.646,1888.04,80.1168,359.55,1982.22,66.399,152.019,1952.4,-20.8734,101.147,1999.59,-12.3112,-362.586,1959.76,-12.3112,-767.699,1959.76,171.663,117.787,1984.96,172.611,-337.436,1948.42,172.611,-742.549,1948.42,-29.0787,-29.9975,1997.95,259.225,584.139,1879.45,95.9115,688.909,2042.48,0,2,2,0,0,2,2,2,2,2,2,0,0,2,0,0,0,2,2
2019-06-21-06-02-19-909,148,82.507,752.681,2006.86,105.114,586.44,1954.33,-28.9636,533.389,1986.91,-25.4919,243.287,1995.88,-25.4919,-128.827,1995.88,237.177,545.973,1874.13,259.67,303.706,1726.04,226.189,617.995,1776.26,97.0603,341.178,1929.67,81.9971,133.478,1901.34,-6.93457,70.7705,1927.51,1.1026,-377.006,1885.17,1.1026,-781.91,1885.17,190.386,96.7137,1906.62,205.078,-345.141,1860.46,205.078,-750.045,1860.46,-25.4919,-21.3745,1995.88,231.743,565.467,1767.87,107.916,672.562,1962.97,0,2,2,0,0,2,2,2,2,2,2,0,0,2,0,0,0,2,2
2019-06-21-06-02-20-072,148,205.862,719.764,1911.3,119.416,563.526,1893.69,-5.10218,516.388,1971.48,7.96858,302.673,2146.16,-125.248,252.085,2154.43,236.968,532.339,1783.57,213.614,270.542,1683.11,196.126,583.888,1679.34,121.282,319.469,1889.19,112.625,111.946,1858.85,6.95506,89.1575,1869.35,14.9554,-318.123,1839.9,14.9554,-722.592,1839.9,225.298,86.2966,1850.6,251.636,-346.712,1824.65,251.636,-751.181,1824.65,-104.23,261.218,2153.05,198.943,531.418,1679.95,118.693,649.987,1895.26,0,2,2,2,2,2,2,2,2,2,2,0,0,2,0,0,2,2,2
2019-06-21-06-02-20-229,148,235.792,676.273,1844.78,133.593,537.649,1846.13,16.7673,534.822,1973.46,70.3815,299.735,1953.79,-87.3016,261.414,2118.65,241.857,495.991,1733.14,225.26,221.799,1707.48,172.814,510.464,1629.22,147.847,296.043,1860.84,149.475,89.2819,1827.25,34.5445,78.5136,1829.66,54.0809,-358.348,1814.41,54.0809,-762.133,1814.41,265.932,74.6579,1818.94,294.431,-360.209,1811.03,294.431,-763.995,1811.03,-61.6774,267.936,2091.17,181.663,462.294,1642.26,128.457,623.679,1840.88,0,2,2,2,2,2,2,2,2,2,2,0,0,2,0,0,2,2,2
2019-06-21-06-02-20-385,148,211.309,675.238,1835.93,144.494,510.688,1816.97,37.3441,571.13,1970.38,100.115,329.806,1851.02,-60.6714,266.995,2087.84,251.513,449.51,1741.46,255.976,169.679,1757.86,165.877,432.353,1627.37,164.88,272.512,1850.12,174.221,66.9307,1812.81,54.3195,71.8104,1825.67,65.7628,-360.086,1837.34,65.7628,-762.944,1837.34,291.096,59.4968,1809.57,304.195,-378.048,1815.73,304.195,-780.907,1815.73,-34.0255,277.408,2048.37,181.01,388.657,1649.11,137.19,595.818,1805.12,0,2,2,2,2,2,2,2,2,2,2,0,0,2,0,0,2,2,2
2019-06-21-06-02-20-546,148,97.2344,718.081,2005.64,148.229,490.385,1807.48,44.5827,587.869,1965.57,108.966,346.066,1805.81,-57.4099,266.785,2065.16,255.991,434.211,1818.67,288.811,154.084,1805.49,142.098,368.321,1640.18,166.513,255.361,1862.91,177.963,50.6437,1823.51,59.5223,67.5043,1857.35,58.2819,-361.303,1892.4,58.2819,-762.998,1892.4,294.099,51.2918,1831.4,288.607,-378.861,1858.39,288.607,-780.555,1858.39,-29.6012,280.007,2021.94,166.625,332.724,1667.73,141.757,573.907,1787.83,2,2,2,2,2,2,2,2,2,2,2,0,0,2,0,0,2,2,2
2019-06-21-06-02-20-701,148,98.4643,674.77,1906.76,142.07,480.807,1818.1,29.2024,566.807,1961.4,102.565,333.024,1787.19,-67.0075,276.696,2057.42,244.45,452.719,1899.43,312.19,180.852,1862.86,105.822,251.196,1678.79,147.342,253.136,1903.1,158.422,49.0214,1863.14,56.3764,72.5842,1929.46,49.5193,-346.726,1990.21,49.5193,-747.029,1990.21,270.127,56.9827,1882.81,243.69,-360.154,1927.55,243.69,-760.457,1927.55,-38.6081,286.107,2012.38,140.199,239.495,1709.46,140.274,560.958,1788.25,2,2,2,2,2,2,2,2,2,2,2,0,0,2,0,0,2,2,2
2019-06-21-06-02-20-858,148,80.7886,640.721,1893.38,123.343,482.171,1846.08,5.59247,546.725,1969.8,76.7254,311.43,1804.29,-103.639,297.362,2068.7,218.927,466.248,1960.58,267.326,459.144,2017.98,38.3896,517.813,1824.6,106.422,265.062,1957.02,115.325,60.4436,1923.77,14.153,95.1728,1996.38,-25.1188,-308.461,2042.41,-25.1188,-707.158,2042.41,225.006,76.9908,1953.46,185.383,-328.066,2006.53,185.383,-726.763,2006.53,-73.4561,299.668,2024.63,76.495,507.985,1856.83,129.289,557.876,1807.43,2,2,2,2,2,2,2,2,2,2,2,0,0,2,0,0,2,2,2
2019-06-21-06-02-21-023,148,53.6349,621.9,1928.49,92.2424,489.269,1888.48,-29.4927,535.132,1995.55,36.2695,297.284,1839.76,-159.29,310.302,2088.55,202.61,436.367,1961.03,228.95,510.84,2138.46,87.9451,676.654,1983.4,53.598,280.846,2008.95,59.8881,75.7941,1985.41,-44.196,125.132,2054.94,-89.5735,-273.982,2089.5,-89.5735,-670.862,2089.5,173.801,110.797,2008.19,136.68,-284.14,2040.85,136.68,-681.02,2040.85,-126.609,308.07,2047.08,111.77,649.258,2009.25,105.768,562.116,1846.36,2,2,2,2,2,2,2,2,2,2,2,0,0,2,0,0,2,2,2
2019-06-21-06-02-21-179,148,28.9368,621.673,1990.87,51.9993,498.718,1939.8,-77.6504,545.559,2036.86,-2.56245,328.439,1862.19,-204.152,315.689,2100.05,166.924,423.58,1916.18,178.8,503.734,2163.08,121.948,751.852,2094.18,-2.91318,291.119,2051.65,1.42353,86.2543,2036.49,-99.6147,134.699,2107.89,-135.655,-283.37,2136.75,-135.655,-678.244,2136.75,116.793,130.672,2062.25,79.0664,-278.537,2093.3,79.0664,-673.412,2093.3,-170.506,317.807,2060.4,131.91,710.781,2105.66,71.2496,571.63,1900.54,2,2,2,2,2,2,2,2,2,2,2,0,0,2,0,0,2,2,2
2019-06-21-06-02-21-339,148,6.39414,641.195,2066.76,8.7241,512.879,2002.2,-134.323,576.209,2090.02,-66.0919,368.822,1904.89,-112.306,41.4034,1936.95,67.7429,472.666,1871.84,67.7429,188.797,1871.84,67.7429,-171.082,1871.84,-53.8694,298.62,2093.15,-48.2947,94.5805,2081.57,-140.48,155.773,2164,-161.021,-248.126,2195.92,-161.021,-640.827,2195.92,67.1311,154.965,2103.04,39.4071,-248.01,2122.36,39.4071,-640.712,2122.36,-112.306,145.673,1936.95,67.7429,-66.961,1871.84,30.6184,587.921,1970.35,2,2,2,2,0,0,0,0,2,2,2,0,0,2,0,0,0,0,2
2019-06-21-06-02-21-499,148,-18.6328,695.083,2176.73,-33.8107,550.638,2094.05,-199.229,609.685,2161.19,-144.102,391.695,1990.27,-199.45,45.8532,2054.55,-31.4527,614.236,2358.56,-31.4527,332.916,2358.56,-31.4527,-24.7297,2358.56,-84.5859,323.544,2125.16,-88.4007,120.614,2125.63,-181.303,177.722,2196.04,-202.376,-224.118,2207.18,-202.376,-614.501,2207.18,29.1676,177.644,2126.09,12.1114,-224.979,2132.06,12.1114,-615.362,2132.06,-199.45,149.508,2054.55,-31.4527,78.8066,2358.56,-15.9034,629.8,2083.12,2,2,2,2,0,0,0,0,2,2,2,0,0,2,0,0,0,0,2
2019-06-21-06-02-21-659,148,-35.5584,764.982,2280.75,-68.0202,604.827,2191.4,-224.156,619.189,2187.27,-231.307,375.785,2080.77,-288.876,-2.56097,2141.07,-48.471,631.068,2452.55,-48.471,352.205,2452.55,-48.471,-3.11731,2452.55,-98.6497,377.227,2160.84,-110.503,176.263,2153.79,-206.984,180.914,2209.87,-215.572,-234.988,2208.9,-215.572,-622.929,2208.9,3.53254,189.044,2135.69,-4.76053,-220.633,2133.68,-4.76053,-608.574,2133.68,-288.876,100.447,2141.07,-48.471,99.7957,2452.55,-57.0635,684.312,2202.02,2,2,2,2,0,0,0,0,2,2,2,0,0,2,0,0,0,0,2
2019-06-21-06-02-21-816,148,-39.959,821.961,2343.15,-89.6264,651.537,2264.99,-218.342,634.484,2208.21,-281.522,382.637,2144.06,-300.642,34.477,2176.29,-28.1712,601.634,2439.68,-28.1712,325.154,2439.68,-28.1712,-27.7697,2439.68,-103.966,429.141,2192.15,-118.006,231.204,2169.63,-218.99,182.753,2211.42,-218.701,-228.956,2204.38,-218.701,-614.353,2204.38,-7.82951,194.415,2138.91,-6.90707,-215.907,2135.18,-6.90707,-601.304,2135.18,-300.642,136.811,2176.29,-28.1712,74.4882,2439.68,-84.4886,729.132,2290.38,2,2,2,2,0,0,0,0,2,2,2,0,0,2,0,0,0,0,2
2019-06-21-06-02-21-974,148,-31.431,855.622,2359.82,-97.9474,684.453,2307.26,-207.23,647.481,2225.69,-300.757,394.089,2184.21,-296.885,52.0011,2198.32,-38.4559,584.471,2380,-38.4559,310.319,2380,-38.4559,-40.1466,2380,-102.781,467.958,2210.3,-115.539,273.195,2173.8,-220.084,188.767,2206.87,-214.048,-215.113,2198.6,-214.048,-597.886,2198.6,-6.62496,196.914,2137.99,1.32779,-211.253,2133.52,1.32779,-594.026,2133.52,-296.885,153.639,2198.32,-38.4559,61.4305,2380,-96.2628,759.736,2341.01,2,2,2,2,0,0,0,0,2,2,2,0,0,2,0,0,0,0,2
2019-06-21-06-02-22-161,148,-16.6171,860.904,2338.24,-95.6642,702.436,2320.57,-199.855,656.038,2236.15,-285.919,419.977,2144.6,-261.106,90.1785,2094.95,69.2166,519.538,2195.62,132.025,496.472,2216.96,74.6728,491.618,2100.5,-96.443,489.623,2213.2,-106.983,297.384,2168.19,-212.377,197.941,2198.96,-202.257,-200.267,2190.72,-202.257,-580.35,2190.72,1.92203,198.956,2136.24,-77.6472,-40.0297,1857.88,-153.994,-497.66,1944.46,-261.106,191.103,2094.95,84.46,493.47,2119.91,-95.4565,776.057,2357.8,2,2,2,2,0,2,2,2,2,2,2,0,0,2,2,0,0,2,2
2019-06-21-06-02-22-320,148,-2.38186,848.837,2301.31,-86.877,706.843,2312.46,-198.764,660.673,2237.05,-265.117,446.559,2096.72,-243.939,117.115,2053.89,4.17201,580.996,2349.3,113.736,487.919,2252.67,51.1122,353.15,2096.71,-87.7702,494.528,2204.54,-97.2799,303.605,2157.7,-202.203,202.492,2188.26,-192.95,-197.584,2179.56,-192.95,-575.385,2179.56,10.3395,198.396,2135.19,-120.847,-73.0815,1880.47,-151.245,-481.88,1928.02,-243.939,217.434,2053.89,61.6542,376.355,2122.7,-86.6414,779.876,2349.68,2,2,2,2,0,2,2,2,2,2,2,0,0,2,2,0,0,2,2
2019-06-21-06-02-22-479,148,10.8119,843.151,2276.07,-76.1359,702.106,2293.34,-198.442,662.417,2228.05,-247.474,452.13,2068.12,-297.864,266.736,2145.67,-28.7162,623.166,2425.89,104.44,486.03,2275.17,41.2186,295.951,2088.2,-80.361,487.993,2191.02,-91.3326,297.443,2147.54,-197.571,204.219,2178.29,-194.805,-195.807,2171.59,-194.805,-571.783,2171.59,15.3607,197.327,2134.45,-144.486,-91.5,1903.32,-154.796,-479.513,1933.52,-269.65,288.287,2115.69,51.7897,327.945,2119.36,-74.7427,775.399,2328.44,2,2,2,2,2,2,2,2,2,2,2,0,0,2,2,0,2,2,2
2019-06-21-06-02-22-653,148,14.3027,847.94,2280.5,-67.0351,692.954,2272.64,-199.22,660.852,2217.68,-226.136,454.193,2043.69,-333.136,239.965,2159.04,-43.3877,648.664,2453.68,101.237,487.927,2285.3,39.3633,277.316,2084.29,-75.6682,476.312,2178.82,-88.7307,285.742,2140.81,-195.226,204.633,2175.8,-194.483,-194.299,2176.04,-194.483,-568.814,2176.04,18.199,196.491,2133.65,-154.755,-99.5299,1918.63,-154.916,-476.183,1933.63,-308.68,272.066,2134.19,49.6778,312.469,2117.79,-64.1161,766.909,2304.72,2,2,2,2,2,2,2,2,2,2,2,0,0,2,2,0,2,2,2
2019-06-21-06-02-22-813,148,5.28435,846.07,2298.33,-61.5405,681.316,2255,-201.779,659.062,2207.07,-209.308,452.794,2030.09,-341.611,218.678,2144.17,-47.5805,656.442,2453.23,106.745,495.413,2280.62,40.5381,275.459,2082.26,-75.4049,462.466,2170.91,-92.074,273.805,2139.23,-199.597,204.242,2178.18,-204.302,-193.625,2181.74,-204.302,-566.973,2181.74,15.4307,195.548,2132.19,-156.447,-101.519,1920.91,-152.066,-473,1921.56,-318.85,256.859,2124.58,51.5621,312.07,2115.32,-56.8129,756.047,2283.72,2,2,2,2,2,2,2,2,2,2,2,0,0,2,2,0,2,2,2
2019-06-21-06-02-23-025,148,-6.38103,837.19,2310.97,-60.0066,669.935,2243.13,-205.169,657.219,2199.6,-191.885,454.279,2020.82,-332.407,205.333,2106.1,-47.8114,654.52,2442.66,117.48,511.949,2267.6,44.8051,283.651,2084.05,-79.9065,449.37,2168.81,-101.793,263.446,2142.32,-213.83,202.279,2177.69,-225.79,-195.555,2177.69,-225.79,-567.969,2177.69,4.9537,190.814,2129.55,-154.874,-103.429,1910.79,-150.431,-475.404,1901.2,-310.264,247.058,2093.02,56.9007,321.634,2114.64,-53.1957,745.364,2268.54,2,2,2,2,2,2,2,2,2,2,2,0,0,2,2,0,2,2,2
2019-06-21-06-02-23-184,148,-14.7692,829.094,2317.59,-60.813,660.958,2237.14,-207.458,656.175,2194.98,-179.83,460.454,2011.83,-319.213,204.148,2073.55,-46.9642,653.568,2433.87,124.79,531.783,2256.38,49.6414,297.709,2087.37,-87.0315,439.175,2170.84,-114.254,256.289,2146.88,-230.628,196.948,2177.52,-242.759,-202.546,2177.64,-242.759,-574.211,2177.64,-9.74798,181.863,2128.07,-153.163,-107.314,1896.6,-150.412,-480.957,1885.52,-297.513,247.349,2064.62,62.1543,336.67,2115.54,-51.8381,736.825,2259.81,2,2,2,2,2,2,2,2,2,2,2,0,0,2,2,0,2,2,2
2019-06-21-06-02-23-361,148,-18.981,824.392,2318.46,-62.1986,654.619,2234.47,-208.134,656.066,2191.16,-173.833,466.264,2004.79,-308.448,207.474,2056.88,-45.3952,651.727,2426.73,128.649,547.296,2246.39,53.8863,310.731,2086.66,-93.3795,432.002,2173.61,-124.079,251.912,2150.03,-242.211,188.24,2176.09,-248.512,-212.782,2175.04,-248.512,-583.85,2175.04,-22.6281,173.565,2127.92,-151.399,-109.749,1883.95,-149.511,-481.674,1875.76,-287.203,251.029,2049.25,66.3411,350.129,2113.28,-51.544,730.683,2255.26,2,2,2,2,2,2,2,2,2,2,2,0,0,2,2,0,2,2,2
2019-06-21-06-02-23-519,148,-17.3261,822.859,2310.32,-61.9141,650.828,2230.88,-206.778,655.438,2186.73,-173.111,466.846,2000.79,-304.973,215.765,2074.21,-43.427,643.852,2415.78,131.415,553.901,2232.73,57.2248,315.905,2079.66,-92.5204,427.712,2171.67,-124.671,248.154,2146.93,-241.909,186.342,2175.54,-238.182,-207.533,2175.36,-238.182,-578.123,2175.36,-22.6431,176.695,2124.2,-145.778,-101.063,1872.52,-141.086,-463.369,1865.94,-283.752,257.918,2062.65,69.5876,355.557,2105.17,-51.4693,726.983,2251.09,2,2,2,2,2,2,2,2,2,2,2,0,0,2,2,0,2,2,2
2019-06-21-06-02-23-677,148,-6.42911,823.658,2290.95,-56.857,650.093,2221.79,-200.267,653.74,2178.6,-174.124,462.151,1996.36,-283.2,225.076,2116.78,-41.3317,630.989,2396.77,134.518,556.195,2210.85,69.7414,320.897,2053.29,-80.5997,428.28,2157.88,-109.821,247.445,2132.78,-215.584,183.572,2179.4,-191.399,-211.229,2182.91,-191.399,-581.436,2182.91,-6.00155,182.183,2109.17,-131.199,-91.3444,1854.82,-119.781,-454.168,1842.99,-265.368,264.804,2097.09,80.5324,360.108,2079.55,-48.739,725.918,2243.63,2,2,2,2,2,2,2,2,2,2,2,0,0,2,2,0,2,2,2
2019-06-21-06-02-23-835,148,20.3115,819.377,2250.26,-44.1494,652.749,2203.51,-190.785,664.329,2154.89,-173.965,461.617,1985.9,-227.913,256.559,2167.85,-37.027,618.463,2372.2,148.12,558.531,2192.12,96.1608,335.887,2016.41,-52.2488,436.621,2125.81,-67.7505,253.746,2098.17,-152.919,175.948,2162.17,-103.343,-222.749,2147.04,-103.343,-592.651,2147.04,39.3054,187.47,2068.72,-176.496,-43.354,2045.72,-222.849,-365.832,2212.54,-218.935,290.918,2137.7,104.803,372.978,2045.7,-41.3496,727.017,2230.23,2,2,2,2,2,2,2,2,2,2,2,0,0,2,2,0,2,2,2
2019-06-21-06-02-23-998,148,56.5014,810.927,2192.55,-16.284,655.746,2168.44,-170.737,670.217,2122.58,-163.691,456.106,1968.72,-117.388,379.279,2199.6,-27.6401,606.729,2330.35,175.587,560.313,2169.13,128.78,382.125,1954.21,-6.64943,446.82,2078.68,-3.81749,263.851,2043.9,-97.7045,181.717,2080.06,-63.6024,-205.6,2012.44,-63.6024,-575.257,2012.44,110.012,191.61,2007.84,-84.9653,2.00195,1848.86,-16.424,-344.018,1655.15,-124.969,392.359,2161.19,136.561,411.704,1990.03,-19.6161,728.129,2199.56,2,2,2,2,2,2,2,2,2,2,2,0,0,2,2,0,2,2,2
2019-06-21-06-02-24-160,148,100.192,809.876,2127.9,28.4235,656.869,2119.41,-91.6359,639.472,2056.05,-148.332,415.98,1945.92,-43.945,504.096,2146.27,-0.178908,606.571,2282.33,216.499,562.12,2139.64,156.768,517.393,1889.42,46.142,451.513,2026.26,60.8926,269.131,1984.87,-37.2792,181.088,2002.98,-0.730446,-212.448,1950.59,-0.730446,-581.909,1950.59,178.286,175.086,1962.55,9.64176,57.0146,1695.69,70.4693,-281.244,1581.32,-61.4188,489.128,2112.89,166.74,524.536,1931.12,22.2169,728.684,2151.99,2,2,2,2,2,2,2,2,2,2,2,0,0,2,2,0,2,2,2
2019-06-21-06-02-24-318,148,146.545,812.64,2078.6,76.1233,655.682,2071.4,-21.5331,623.991,1990.49,-122.587,396.977,1965.64,-103.2,48.4739,1987.62,42.0628,611.305,2239.4,266.609,561.72,2111.25,197.599,637.336,1867.19,92.0109,448.656,1983.33,110.317,266.427,1937.61,13.6744,170.015,1958.35,41.9864,-231.674,1938.28,41.9864,-600.978,1938.28,226.617,153.146,1926.93,57.5097,-56.4781,1697.78,82.5816,-538.493,1730.14,-103.2,146.539,1987.62,209.108,624.744,1907.86,70.5462,728.381,2102.31,2,2,2,2,0,2,2,2,2,2,2,0,0,2,2,0,0,2,2
2019-06-21-06-02-24-475,148,173.579,807.15,2088.17,115.609,650.786,2037.84,9.65654,603.366,1980.94,-104.069,374.118,2010.08,-93.1111,21.6975,2047.6,91.4284,593.197,2189.02,205.505,498.202,2009.84,146.697,108.678,1931.27,124.908,437.698,1963.25,141.868,254.432,1918.55,51.3857,153.38,1952.24,69.6367,-251.74,1962.52,69.6367,-620.919,1962.52,251.458,130.898,1925.36,258.116,-276.683,1935.7,258.116,-645.862,1935.7,-93.1111,119.729,2047.6,146.697,206.708,1931.27,112.369,725.314,2063.93,2,2,2,2,0,2,2,0,2,2,2,0,0,2,0,0,0,0,2
2019-06-21-06-02-24-631,148,173.305,783.697,2118.54,144.259,643.393,2028.98,27.845,590.38,1998.42,-81.4684,358.41,2059.74,-67.1691,13.1525,2095.33,212.391,634.139,2161.9,216.628,485.786,1985.25,229.291,146.23,1983.14,146.35,422.116,1975.53,160.202,236.927,1937.27,73.9601,143.655,1984.08,81.0474,-254.099,2019.79,81.0474,-623.177,2019.79,264.789,116.667,1959.17,265.157,-282.972,1993.98,265.157,-652.05,1993.98,-67.1691,111.158,2095.33,229.291,244.233,1983.14,143.552,719.921,2047.53,2,2,2,2,0,2,2,0,2,2,2,0,0,2,0,0,0,0,2
2019-06-21-06-02-24-791,148,174.133,767.529,2154.87,164.569,636.354,2049.63,44.2494,578.929,2035.85,-60.0694,343.66,2103.94,-47.7942,-1.20004,2130.92,351.889,750.702,2110.79,351.889,487.832,2110.79,351.889,150.038,2110.79,163.044,407.115,2019.58,172.997,219.835,1990.49,93.8694,128.354,2052.14,101.515,-274.76,2109.69,101.515,-643.758,2109.69,278.719,108.568,2006.13,283.066,-286.031,2044.14,283.066,-655.029,2044.14,-47.7942,96.7836,2130.92,351.889,248.02,2110.79,165.097,714.317,2059.95,2,2,2,2,0,0,0,0,2,2,2,0,0,2,0,0,0,0,2
2019-06-21-06-02-24-950,148,181.733,762.299,2206.18,181.591,632.833,2098.8,62.1559,570.116,2088.43,-36.2528,330.236,2146.58,-22.1254,-13.8573,2171.08,329.06,640.177,2238.69,329.06,377.425,2238.69,329.06,39.7226,2238.69,181.82,399.175,2088.5,188.58,210.34,2066.25,96.1906,139.495,2113.96,89.8132,-238.799,2156.36,89.8132,-607.731,2156.36,298.271,123.459,2072.13,309.221,-251.695,2120.43,309.221,-620.628,2120.43,-22.1254,84.1091,2171.08,329.06,137.688,2238.69,181.515,711.575,2102.32,2,2,2,2,0,0,0,0,2,2,2,0,0,2,0,0,0,0,2
2019-06-21-06-02-25-115,148,196.54,768.656,2268.97,197.748,634.823,2164.29,79.8763,570.337,2147.8,-19.1211,328.524,2164.69,108.777,437.066,2057.67,357.876,630.5,2260.96,357.876,367.842,2260.96,357.876,30.2138,2260.96,202.304,399.083,2161.33,205.779,209.455,2141.69,101.545,159.285,2164.13,101.641,-215.239,2192.65,101.641,-584.119,2192.65,315.022,147.965,2123.35,323.429,-223.129,2153.31,323.429,-592.009,2153.31,77.1398,425.918,2058.56,357.876,128.165,2260.96,196.214,713.94,2165.28,2,2,2,2,2,0,0,0,2,2,2,0,0,2,0,0,2,0,2
2019-06-21-06-02-25-283,148,214.936,784.959,2329.35,211.619,642.319,2227.46,97.3619,578.069,2204.83,-4.77951,343.362,2168.39,187.342,408.284,2005.82,365.703,627.777,2255.57,365.703,365.196,2255.57,365.703,25.9173,2255.57,218.139,406.687,2213.66,219.167,217.204,2191.44,108.712,177.288,2193.03,111.783,-202.235,2203.2,111.783,-571.072,2203.2,315.663,168.934,2139.15,310.649,-209.297,2138.26,310.649,-578.134,2138.26,151.111,400.198,2025.65,365.703,123.858,2255.57,209.435,721.318,2232.06,2,2,2,2,2,0,0,0,2,2,2,0,0,2,0,0,2,0,2
2019-06-21-06-02-25-450,148,232.052,809.665,2371.35,221.795,654.614,2273.89,101.122,598.089,2249.71,9.50957,371.131,2165.62,219.464,408.613,1970.06,342.138,622.012,2241.82,342.138,359.493,2241.82,342.138,20.6044,2241.82,226.091,423.545,2232.91,226.25,235.127,2203.72,112.812,193.908,2192.96,113.664,-188.317,2181.47,113.664,-557.119,2181.47,318.5,190.089,2134.39,318.04,-189.33,2120.9,318.04,-558.133,2120.9,183.521,403.013,2000.35,342.138,118.536,2241.82,220.354,732.108,2287.6,2,2,2,2,2,0,0,0,2,2,2,0,0,2,0,0,2,0,2
2019-06-21-06-02-25-612,148,246.275,839.394,2376.77,227.537,669.047,2297.54,99.923,623.646,2270.82,27.6902,397.316,2161.95,190.268,438.746,1922.63,294.096,647.839,2190.17,302.283,441.174,2070.55,381.011,66.0667,2156.19,225.085,447.2,2224.49,225.754,261.025,2184.3,113.188,195.182,2180.65,111.602,-200.315,2164.49,111.602,-569.09,2164.49,324.147,191.895,2112.63,326.969,-204.283,2090.11,326.969,-573.057,2090.11,163.63,431.642,1962.36,381.011,163.991,2156.19,228.339,743.466,2322.01,2,2,2,2,2,2,2,0,2,2,2,0,0,2,0,0,2,0,2
2019-06-21-06-02-25-770,148,251.384,857.974,2333.62,229.614,681.661,2297.87,100.324,653.225,2255.39,38.0053,424.231,2141.33,136.419,474.386,1873.44,338.145,667.647,2198.85,358.204,427.542,2122.43,394.056,87.1978,2160.47,219.496,467.523,2197.85,218.43,284.303,2145.75,107.1,180.42,2141.97,101.065,-226.203,2108.02,101.065,-594.954,2108.02,323.422,174.965,2078.65,321.016,-234.11,2050.94,321.016,-602.861,2050.94,120.748,465.673,1918.64,394.056,185.116,2160.47,232.93,752.745,2331,2,2,2,2,2,2,2,0,2,2,2,0,0,2,0,0,2,0,2
2019-06-21-06-02-25-938,148,245.635,848.743,2263.92,228.709,689.42,2276.31,89.5815,674.568,2237.74,43.7534,468.997,2084.75,73.482,405.256,1825.21,356.543,683.36,2185.46,401.039,431.551,2131.51,422.352,104.062,2128.55,213.78,482.487,2158.2,210.2,301.827,2096.93,110.815,158.138,2105.64,114.249,-251.462,2079.92,114.249,-620.195,2079.92,315.815,149.55,2043,111.561,-26.3456,1682.35,142.717,-359.562,1684.09,68.9958,415.48,1869.09,422.352,201.976,2128.55,233.624,757.777,2315.32,2,2,2,2,2,2,2,0,2,2,2,0,0,2,2,0,2,0,2
2019-06-21-06-02-26-100,148,233.3,822.013,2192.06,226.327,691.638,2237.95,80.7208,688.867,2201.55,18.6286,483.309,2051.88,-15.8056,330.421,1834.83,363.943,703.413,2151.83,438.452,453.231,2112.09,239.153,557.852,1864.23,209.59,489.731,2112.33,203.728,310.619,2045.79,114.837,132.468,2059.54,117.779,-277.181,2028.21,117.779,-645.898,2028.21,306.266,127.641,1995.75,129.357,-104.756,1718.26,129.383,-543.011,1758.5,-9.96888,355.355,1871.48,261.756,550.602,1902.69,231.889,758.665,2279.69,2,2,2,2,2,2,2,2,2,2,2,0,0,2,2,0,2,2,2
2019-06-21-06-02-26-256,148,224.343,789.319,2123.15,223.111,687.632,2189.06,65.646,695.418,2176.25,8.86827,488.315,2025.07,-52.8687,288.588,1833.64,367.295,709.861,2111.19,470.602,473.169,2059.61,250.774,504.204,1853.31,207.34,487.282,2065.72,201.048,308.234,1998.48,112.357,123.232,2013.59,109.574,-271.138,1985.2,109.574,-639.837,1985.2,303.724,119.993,1953.55,303.245,-273.375,1928.57,303.245,-642.073,1928.57,-42.5238,321.555,1865.84,283.246,502.752,1885.78,228.414,754.977,2230.52,2,2,2,2,2,2,2,2,2,2,2,0,0,2,0,0,2,2,2
2019-06-21-06-02-26-417,148,212.146,851.233,2132.5,219.967,677.764,2136.36,56.0748,696.534,2135.03,1.88882,481.042,1995.2,76.3628,383.966,1797.77,366.21,716.976,2060.95,496.334,493.744,2010.63,265.02,471.068,1834.59,206.737,475.039,2024.27,201.388,294.553,1961.09,113.222,121.455,1984.48,113.968,-268.079,1971.8,113.968,-636.755,1971.8,305.075,118.351,1930.03,307.475,-271.426,1921.66,307.475,-640.102,1921.66,63.8524,399.909,1830.84,302.525,475.63,1862.82,224.47,746.969,2174.55,0,2,2,2,2,2,2,2,2,2,2,0,0,2,0,0,2,2,2
2019-06-21-06-02-26-598,148,234.652,755.021,1978.28,217.654,663.659,2087.23,53.1493,698.09,2131.98,2.48936,484.024,1988.72,20.8358,440.633,1745.22,376.936,708.044,2039.04,399.984,496.288,1936.46,240.119,396.568,1736.85,207.38,456.051,1993,203.35,273.197,1937.72,114.446,120.77,1970.71,115.393,-269.513,1969.28,115.393,-638.159,1969.28,307.267,116.448,1923.39,309.612,-275.072,1927.01,309.612,-643.718,1927.01,17.9706,447.563,1785.89,266.805,413.089,1769.56,221.191,735.544,2119.74,0,2,2,2,2,2,2,2,2,2,2,0,0,2,0,0,2,2,2
2019-06-21-06-02-26-751,148,276.343,803.28,2012.68,215.933,648.164,2048.51,64.6805,700.456,2142.45,9.16516,490.691,1994.96,16.8877,501.108,1726.5,385.823,693.827,2046.47,391.166,419.288,2061.9,391.166,81.6825,2061.9,208.258,435.209,1975.83,205.406,249.695,1931.16,119.328,118.723,1977.45,123.316,-273.707,1990.34,123.316,-642.312,1990.34,308.61,112.055,1928.93,309.669,-282.313,1939.23,309.669,-650.917,1939.23,15.7147,499.204,1771.27,391.166,179.653,2061.9,218.609,722.721,2073.86,0,2,2,2,2,2,0,0,2,2,2,0,0,2,0,0,2,0,2
2019-06-21-06-02-26-921,148,0,0,0,0,0,0,0,0,0,0,0,0,0,0,0,0,0,0,0,0,0,0,0,0,0,0,0,0,0,0,0,0,0,0,0,0,0,0,0,0,0,0,0,0,0,0,0,0,0,0,0,0,0,0,0,0,0,0,0,0,0,0,0,0,0,0,0,0,0,0,0,0,0,0,0,0
2019-06-21-06-02-27-075,148,238.903,777.097,2121.22,224.312,630.648,2059.04,87.7912,640.215,2095.14,9.36014,438.085,1998.59,111.456,505.882,1806.69,373.545,631.06,2068.99,360.503,450.312,1931.64,296.693,506.516,1901.8,216.848,424.169,2007.69,213.387,250.456,1972.61,138.197,103.163,2017.42,153.958,-265.651,2054.01,153.958,-584.092,2054.01,303.809,92.973,1970.03,197.881,158.27,1837.83,-8.97753,-140.686,2292.24,95.0511,494.602,1838.68,308.533,498.131,1906.54,226.873,701.382,2076.74,2,2,2,2,2,2,2,2,2,2,2,0,0,2,2,2,2,2,2
2019-06-21-06-02-27-232,148,250.493,791.098,2161.41,233.372,644.048,2098.2,109.054,624.031,2110.54,16.6887,427.584,2036.09,153.371,508.936,1854.49,385.859,646.364,2117.23,331.208,507.94,1949.7,353.413,613.383,2053.13,223.868,441.402,2056.02,227.552,274.565,2034.58,145.778,172.772,2057.85,149.023,-115.649,2087.67,149.023,-434.09,2087.67,318.052,174.332,2017.49,331.078,-102.549,2052.81,331.078,-420.989,2052.81,130.886,495.38,1884.76,350.791,596.075,2035.82,236.583,712.571,2112.52,2,2,2,2,2,2,2,2,2,2,2,0,0,2,0,0,2,2,2
2019-06-21-06-02-27-390,148,249.011,811.835,2225.67,239.422,668.462,2154.49,118.814,677.858,2217.75,49.9756,468.705,2176.18,86.1776,418.65,2014.23,375.509,646.211,2187.41,435.27,630.688,2159.62,464.079,816.453,2178.54,228.662,466.712,2122.42,243.407,302.939,2112.4,169.161,226.935,2109.88,186.831,-84.4771,2145.92,186.831,-402.918,2145.92,315.99,225.216,2090.29,311.773,-90.1948,2142.77,311.773,-408.635,2142.77,80.0636,426.762,2041.22,459.778,784.883,2175.39,243.035,736.216,2165.28,2,2,2,2,2,2,2,2,2,2,2,0,0,2,0,0,2,2,2
2019-06-21-06-02-27-548,148,240.099,829.947,2300.42,241.281,693.3,2224.58,133.677,700.438,2317.86,64.6385,490.874,2273.52,36.1406,343.007,2143.54,359.968,649.646,2252.41,440.872,553.663,2287.23,448.169,528.833,2226.44,232.997,490.781,2209.32,252.905,327.832,2192.6,187.175,260.496,2169.73,197.808,-70.912,2208.94,197.808,-389.39,2208.94,311.07,254.874,2165.71,305.807,-80.3727,2214.49,305.807,-398.851,2214.49,40.7404,367.435,2165.2,447.243,533.459,2236.59,244.05,761.107,2229.69,2,2,2,2,2,2,2,2,2,2,2,0,0,2,0,0,2,2,2
2019-06-21-06-02-27-707,148,225.004,845.4,2380.62,236.639,715.937,2304.98,126.473,723.118,2398.38,78.2072,507.208,2356.74,11.6229,300.751,2266.1,333.514,654.366,2313.74,422.968,502.505,2372.76,453.838,358.674,2277.2,231.857,513.173,2311.01,251.219,351.64,2281.59,195.855,263.168,2242.67,197.853,-93.2876,2290.12,197.853,-412.294,2290.12,305.37,259.033,2245.09,300.676,-95.7668,2293.9,300.676,-414.773,2293.9,22.6409,335.086,2281.21,448.783,382.926,2293.15,238.229,783.759,2302.94,2,2,2,2,2,2,2,2,2,2,2,0,0,2,0,0,2,2,2
2019-06-21-06-02-27-874,148,202.051,854.197,2460.22,226.729,734.846,2384.71,112.312,747.815,2476.14,68.4482,526.121,2451.41,6.02655,328.03,2313.33,298.98,658.347,2386.95,400.589,473.607,2430.52,437.012,264.885,2330.35,223.298,531.81,2405.24,238.72,370.095,2369.95,185.965,244.31,2310.43,49.2999,-174.024,2607.39,217.859,-415.648,2209.31,300.635,239.816,2322.36,297.675,-132.866,2367.13,297.675,-453.522,2367.13,16.3704,360.955,2336.34,430.966,299.695,2347.06,227.871,802.767,2377.81,2,2,2,2,2,2,2,2,2,2,2,2,0,2,0,0,2,2,2
2019-06-21-06-02-28-098,148,172.08,849.673,2545.52,209.699,737.664,2469.77,121.497,746.412,2581.35,40.533,535.125,2546.01,-8.74945,329.773,2396.64,249.061,649.661,2467.4,364.965,451.029,2501.63,422.549,211.945,2422.68,206.264,532.828,2491.18,215.885,369.792,2454.37,151.53,209.071,2384.7,146.395,-148.453,2393.91,189.33,-444.654,2259.74,287.329,197.26,2401.89,251.684,31.049,2083.97,282.626,-469.149,2275.72,-0.557314,363.979,2421.53,412.961,251.731,2435.85,210.846,806.229,2462.58,2,2,2,2,2,2,2,2,2,2,2,2,0,2,2,0,2,2,2
2019-06-21-06-02-28-283,148,139.444,826.57,2636.75,185.93,722.782,2560.85,132.661,718.515,2684.62,3.961,531.483,2640.76,-56.8841,319.506,2499.23,98.4864,630.533,2618,98.4864,389.928,2618,98.4864,87.1366,2618,175.229,515.854,2580.63,176.414,350.384,2546.62,94.6299,161.537,2484.69,145.112,-158.39,2348.63,117,-494.503,2365.2,250.182,141.316,2501.47,234.291,-77.3628,2249.07,197.553,-503.246,2344.51,-46.7499,354.853,2522.82,98.4864,174.107,2618,189.508,792.078,2554.22,2,2,2,2,2,0,0,0,2,2,2,2,0,2,2,0,2,0,2