2019-06-06-10-51-00-273,15,-171.465,255.141,1788.92,-126.31,102.488,1885.21,-269.192,90.5276,1893.58,-339.377,-149.097,2006.46,-378.607,-429.664,2008.9,31.1026,104.994,1888.01,115.904,-133.752,1994.13,167.294,-412.889,1978.6,-123.24,-104.054,1956.19,-108.399,-281.305,1973.12,-191.349,-340.793,2022.27,-194.846,-732.94,2031.66,-194.846,-1098.92,2031.66,-16.185,-324.331,2023.87,-18.7189,-713.644,2031.17,-18.7189,-1079.62,2031.17,-371.312,-383.155,2007.2,158.713,-366.365,1981.19,-127.443,176.33,1859.83
2019-06-06-10-51-00-610,15,-161.727,261.84,1790.64,-128.581,104.946,1890.72,-267.449,84.7479,1904.12,-330.175,-157.355,2023.11,-365.453,-437.567,2016.37,26.8585,115.279,1890.74,126.216,-124.191,1990.38,184.44,-400.676,1971.81,-116.571,-100.615,1963.57,-102.306,-280.202,1982.83,-190.128,-339.952,2027.72,-185.316,-730.873,2025.95,-185.316,-1098.71,2025.95,-7.27203,-324.148,2031.79,5.09801,-717.51,2033.05,5.09801,-1085.35,2033.05,-359.212,-391.008,2016.92,174.721,-354.597,1974.91,-132.923,178.871,1864.5
2019-06-06-10-51-00-948,15,-131.294,270.396,1797.92,-116.06,105.916,1893.56,-257.809,86.1777,1907.08,-314.299,-157.252,2029.06,-351.873,-435.784,2013.59,35.7984,116.992,1890.2,140.288,-125.296,1980.04,203.111,-399.101,1956.63,-97.4915,-99.3477,1967.08,-84.9333,-281.534,1987.32,-178.822,-337.412,2023.37,-167.585,-728.303,2015.69,-167.585,-1097.63,2015.69,14.0791,-325.887,2027.76,33.1503,-721.226,2020.42,33.1503,-1090.55,2020.42,-345.461,-389.438,2015.98,192.63,-353.468,1960.53,-122.765,179.984,1867.02
2019-06-06-10-51-01-278,15,-98.5112,276.144,1804.62,-98.4274,106.025,1894.09,-245.386,90.2916,1906.13,-302.252,-153.654,2026.46,-346.676,-430.118,2007.98,50.787,113.462,1887.53,151.411,-131.156,1974.13,212.776,-404.17,1949.99,-76.9901,-99.5534,1967.46,-66.3741,-284.26,1986.56,-164.369,-334.878,2017.24,-152.971,-727.199,2010.68,-152.971,-1097.72,2010.68,33.2792,-327.83,2025.43,46.9316,-723.733,2022.11,46.9316,-1094.25,2022.11,-339.225,-384.075,2011.04,202.542,-358.668,1954.02,-106.171,180.345,1867.56
2019-06-06-10-51-01-604,15,-76.7777,279.231,1807.59,-82.761,105.609,1893.37,-234.173,94.2458,1904.22,-295.216,-149.519,2020.91,-344.158,-426.336,2005.25,65.9467,108.601,1886.06,160.437,-137.345,1972.57,219.934,-411.597,1948.71,-62.7881,-100.907,1965.53,-53.7142,-287.787,1982.29,-153.585,-331.838,2013.54,-398.824,-423.283,1461.28,-355.648,-554.457,1788.24,44.3517,-328.599,2024.81,49.6285,-724.052,2023.96,49.6285,-1102.45,2023.96,-336,-380.212,2007.9,210.015,-365.889,1952.68,-89.9838,180.373,1867.23
2019-06-06-10-51-01-943,15,-69.0064,280.756,1808.15,-71.9673,104.976,1892.13,-225.949,96.7798,1902.69,-290.138,-144.834,2020.2,-343.273,-422.543,2004.6,77.9202,104.673,1885.53,166.161,-141.929,1973.6,226.586,-417.496,1948.9,-55.9714,-102.755,1962.17,-47.5975,-291.283,1977.42,-147.72,-330.195,2012.31,-145.571,-725.285,2011.94,-145.571,-1103.06,2011.94,48.7916,-328.368,2024.67,48.8808,-723.72,2024.49,48.8808,-1101.49,2024.49,-334.43,-376.26,2007.25,216.514,-371.569,1953.02,-77.7615,180.292,1866.73
2019-06-06-10-51-02-270,15,-70.5754,280.837,1807.63,-65.6776,104.375,1890.91,-220.637,97.2695,1902.12,-286.23,-141.913,2022.4,-343.399,-417.663,2005.78,86.0505,102.122,1885.49,170.12,-144.4,1975.82,231.817,-418.29,1948.48,-53.5929,-104.469,1958.64,-45.2602,-294.084,1974.66,-145.029,-330.461,2013.74,-145.013,-727.678,2015.46,-145.013,-1104.95,2015.46,50.5876,-327.357,2025.64,49.6286,-722.808,2026.45,49.6286,-1100.08,2026.45,-333.884,-371.703,2008.59,221.534,-372.642,1953.04,-70.0624,180.199,1866.31
2019-06-06-10-51-02-599,15,-76.3677,279.945,1806.88,-62.6702,103.926,1890.02,-217.678,96.3655,1902.31,-284.183,-140.947,2025.02,-344.371,-416.752,2009.8,90.7066,100.345,1885.78,171.552,-145.977,1978.5,232.798,-420.236,1947.99,-53.4804,-105.746,1955.99,-44.7827,-296.084,1973.65,-144.34,-331.181,2016.22,-145.282,-728.948,2018.37,-145.282,-1105.82,2018.37,50.6365,-326.514,2028.25,49.1739,-722.8,2030.33,49.1739,-1099.67,2030.33,-334.35,-370.782,2012.36,222.591,-374.526,1953.08,-66.009,180.128,1866.04
2019-06-06-10-51-02-933,15,-81.1351,279.071,1806.31,-61.5814,103.644,1889.51,-216.358,95.0504,1902.98,-283.375,-140.586,2028.37,-345.807,-417.374,2015.61,93.2077,99.252,1886.22,171.758,-147.055,1980.63,231.83,-422.653,1947.61,-54.3196,-106.567,1954.45,-45.0564,-297.422,1973.69,-145.064,-331.189,2018.41,-146.545,-728.519,2019.93,-146.545,-1105.07,2019.93,49.9459,-325.637,2031.7,48.6005,-722.37,2034.17,48.6005,-1098.92,2034.17,-335.408,-371.24,2017.75,221.818,-376.72,1953.11,-64.2217,180.087,1865.89
2019-06-06-10-51-03-265,15,-83.8918,278.544,1805.97,-61.4301,103.478,1889.26,-216.082,94.0583,1904.16,-283.7,-140.188,2031.91,-346.478,-418.474,2020.08,94.6072,98.6583,1886.68,171.788,-147.571,1982.52,231.666,-424.464,1947.09,-55.4093,-107.093,1953.69,-45.52,-298.335,1974.18,-146.298,-331.136,2020,-147.671,-728.731,2020.87,-147.671,-1105.03,2020.87,50.6939,-325.189,2032.47,51.0582,-722.656,2032.39,51.0582,-1098.95,2032.39,-336.018,-372.092,2022.06,221.686,-378.315,1952.99,-63.62,180.071,1865.82
2019-06-06-10-51-03-612,15,-85.1395,278.318,1805.78,-61.6578,103.397,1889.16,-216.185,93.717,1906.77,-284.69,-140.377,2034.24,-345.759,-417.354,2023.27,95.4938,98.337,1887.13,171.877,-147.928,1983.4,231.489,-423.046,1947.11,-56.4618,-107.43,1953.42,-45.9513,-298.968,1974.89,-147.645,-330.69,2021.3,-323.888,-516.668,1645.29,-268.898,-608.741,1987.19,52.2327,-324.917,2031.71,-56.9909,-706.981,2018.68,-56.9909,-1084.86,2018.68,-335.582,-371.19,2025.1,221.554,-377.193,1953.16,-63.5479,180.08,1865.79
2019-06-06-10-51-03-944,15,-85.5062,278.276,1805.68,-61.9832,103.362,1889.15,-216.194,93.8381,1910.78,-285.861,-141.114,2035.77,-344.511,-416.281,2025.9,96.1846,98.1454,1887.53,172.094,-148.196,1983.67,231.598,-420.957,1947.4,-57.3762,-107.671,1953.38,-46.2848,-299.439,1975.58,-149.135,-330.014,2021.68,-150.194,-727.617,2021.58,-150.194,-1104.98,2021.58,53.5297,-324.356,2031.22,-51.7687,-708.151,2021.65,-25.424,-1091.37,2036.5,-334.736,-370.419,2027.55,221.681,-375.497,1953.44,-63.6586,180.102,1865.79
2019-06-06-10-51-04-270,15,-85.3784,278.325,1805.62,-62.2195,103.343,1889.17,-216.583,93.7122,1912.84,-286.574,-141.704,2036.45,-343.845,-414.751,2026.19,96.8477,98.0127,1887.88,172.401,-148.435,1983.58,232.029,-418.8,1947.67,-57.9286,-107.873,1953.45,-46.4879,-299.857,1975.99,-150.333,-329.847,2021.43,-151.029,-728.118,2020.94,-151.029,-1105.06,2020.94,54.723,-324.259,2030.29,-37.1422,-710.117,2043.19,-7.71121,-1090.56,2085.17,-334.3,-369.244,2027.9,222.091,-373.739,1953.65,-63.7792,180.121,1865.8
2019-06-06-10-51-04-601,15,-85.026,278.406,1805.59,-62.3301,103.327,1889.2,-217.131,93.4243,1913.69,-286.811,-142.422,2036.24,-343.627,-413.117,2024.96,97.5499,97.893,1888.17,172.829,-148.633,1983.35,232.718,-416.571,1947.9,-58.1875,-108.066,1953.55,-46.5881,-300.249,1976.17,-151.27,-329.989,2020.75,-151.73,-728.614,2020.08,-151.73,-1105.23,2020.08,55.8422,-324.269,2029.06,-4.50369,-704.359,2104.82,31.5747,-1072.29,2170.41,-334.158,-368.001,2026.84,222.736,-371.915,1953.81,-63.8351,180.133,1865.82
2019-06-06-10-51-04-918,15,-83.5003,278.641,1805.45,-62.3396,103.307,1889.2,-218.066,92.8259,1912.27,-286.707,-143.275,2034.54,-342.861,-412.048,2022.01,98.351,97.7554,1887.92,173.306,-148.757,1982.9,233.524,-414.677,1948.09,-58.2682,-108.259,1953.58,-46.6153,-300.755,1974.94,-151.808,-330.384,2019,-151.96,-729.268,2017.56,-151.96,-1105.61,2017.56,56.6848,-324.369,2026.75,37.5666,-680.631,2183.55,70.8712,-1033.92,2243.41,-333.502,-367.253,2024.1,223.488,-370.357,1953.89,-63.8181,180.138,1865.83
2019-06-06-10-51-05-256,15,-77.8346,275.629,1797.04,-61.4711,100.532,1882.36,-219.228,88.0509,1894.13,-285.807,-144.693,2023.74,-341.974,-414.625,2011.08,99.5491,92.4344,1872.45,173.893,-149.201,1979.24,235.629,-416.29,1947.39,-57.9408,-111.387,1946.62,-46.6501,-304.281,1965.73,-151.735,-332.021,2012.1,-151.442,-731.967,2006.51,-151.442,-1108.1,2006.51,56.536,-325.661,2019.48,72.7706,-639.539,2252.81,93.5854,-983.175,2294.68,-332.613,-369.637,2013.19,225.34,-371.776,1952.7,-62.7519,177.408,1859.05
2019-06-06-10-51-05-602,15,-71.0448,265.502,1776.28,-59.4857,92.4839,1865.53,-218.835,79.6232,1872.78,-284.965,-153.675,2000.14,-341.507,-425.913,1985.28,102.538,85.135,1855.65,176.477,-156.279,1961.66,239.394,-426.456,1941.57,-55.7772,-119.775,1929.41,-46.1066,-311.127,1945.11,-152.825,-337.777,1989.42,-153.607,-740.946,1971.27,-153.607,-1116.91,1971.27,58.4476,-331.455,1997.63,59.9154,-734.744,1980.32,59.9154,-1110.71,1980.32,-332.083,-380.539,1987.75,228.908,-381.429,1944.92,-60.83,169.425,1842.37
2019-06-06-10-51-05-933,15,-64.4882,251.456,1750.66,-56.6727,81.3986,1842.7,-216.525,71.1821,1856.27,-281.623,-165.532,1976.55,-340.611,-439.897,1961.36,105.277,74.3526,1839.86,180.104,-170.485,1935.48,242.377,-444.026,1921.7,-53.1927,-131.425,1906.59,-45.4259,-320.379,1920.79,-150.097,-353.929,1968.77,-147.591,-765.242,1955.11,-147.591,-1141.07,1955.11,57.8034,-348.678,1975.39,56.9257,-760.892,1960.31,56.9257,-1136.72,1960.31,-330.779,-394.169,1963.9,231.999,-398.439,1924,-57.9315,158.372,1819.59
2019-06-06-10-51-06-270,15,-59.762,238.845,1729.63,-53.7601,70.9676,1822.65,-213.48,65.4329,1846.19,-276.419,-175.104,1959.26,-338.203,-451.392,1948.91,108.668,65.8126,1828.06,183.101,-182.847,1912.85,242.951,-459.645,1904.28,-51.1248,-142.425,1887.58,-44.8377,-330.922,1901.12,-148.359,-366.882,1952,-147.184,-773.808,1942.7,-147.184,-1149.53,1942.7,57.7231,-361.473,1957.54,57.5835,-768.123,1947.54,57.5835,-1143.84,1947.54,-327.906,-405.345,1950.64,232.976,-413.514,1905.71,-54.7102,147.864,1799.25
2019-06-06-10-51-06-613,15,-56.1459,230.062,1716.95,-51.1373,63.5441,1809.66,-210.76,61.0237,1838.83,-271.166,-180.604,1951.16,-333.309,-458.922,1944.43,111.47,58.4908,1819.59,186.14,-190.606,1903.32,241.758,-470.213,1892.14,-49.7293,-150.663,1875.76,-44.4455,-339.615,1889.47,-145.573,-375.885,1945.93,-143.604,-779.143,1945.72,-143.604,-1154.78,1945.72,55.8165,-370.843,1950.53,54.174,-774.369,1949.77,54.174,-1150,1949.77,-322.952,-412.536,1945.55,232.49,-423.61,1894,-51.6435,140.355,1785.96
2019-06-06-10-51-06-954,15,-54.336,225.392,1714.26,-49.456,59.6563,1806.09,-209.462,59.1373,1836.52,-269.445,-182.995,1948.79,-322.372,-464.707,1944.16,113.756,54.7833,1817,187.238,-193.88,1904.01,241.58,-475.073,1888.16,-49.2816,-155.067,1874.24,-44.4208,-344.798,1888.54,-145.965,-377.724,1946.42,-146.91,-775.226,1950.2,-146.91,-1150.79,1950.2,55.7127,-372.292,1951.52,55.8921,-769.389,1955.98,55.8921,-1144.96,1955.98,-313.55,-417.755,1944.93,232.523,-428.206,1890.8,-49.5193,136.279,1781.78
2019-06-06-10-51-07-296,15,-56.9265,227.101,1722.49,-51.0345,60.8126,1813.93,-211.806,60.2958,1842.2,-270.728,-184.83,1950.9,-309.818,-469.875,1946.53,112.601,55.9402,1821.93,186.173,-192.197,1913.49,242.229,-473.466,1888.24,-50.4904,-153.858,1884.19,-45.2815,-344.361,1899.56,-148.45,-375.76,1953.89,-150.826,-771.204,1961.84,-150.826,-1146.72,1961.84,56.3247,-367.004,1960.55,56.9982,-759.599,1969.9,56.9982,-1135.11,1969.9,-303.303,-422.367,1947.26,232.885,-426.588,1892.45,-51.2282,137.223,1788.93
2019-06-06-10-51-07-627,15,-68.8976,233.909,1741.39,-58.7051,65.8986,1831.23,-219.121,63.0592,1859.41,-276.623,-187.305,1960.72,-305.695,-474.569,1953.96,104.856,62.0861,1836.02,183.114,-186.011,1928.85,244.077,-466.195,1894.5,-55.3918,-148.481,1902.27,-48.1915,-339.621,1918.37,-152.17,-371.593,1968.35,-155.119,-766.289,1980.35,-155.119,-1141.76,1980.35,57.5801,-357.889,1970.49,58.6402,-748.875,1978.44,58.6402,-1124.34,1978.44,-300.852,-426.692,1955.09,233.913,-419.5,1900.22,-59.8851,142.213,1805.94
2019-06-06-10-51-07-961,15,-87.1466,243.347,1763.95,-71.2278,73.3832,1851.55,-232.502,64.636,1872.02,-289.223,-185.133,1977.91,-308.893,-474.036,1970.52,91.9192,69.0412,1846.92,174.788,-175.322,1948.05,243.847,-452.759,1903,-63.6147,-140.66,1922.45,-53.9826,-332.308,1938.5,-160.841,-363.815,1978.52,-167.595,-756.39,1984.9,-167.595,-1131.83,1984.9,54.9155,-346.616,1982.57,52.4263,-737.159,1991.14,52.4263,-1112.59,1991.14,-305.616,-425.886,1971.75,232.333,-406.523,1910.5,-73.9425,149.664,1826.28
2019-06-06-10-51-08-303,15,-106.253,252.941,1783.36,-84.7496,80.7705,1867.58,-246.703,67.3208,1880.96,-301.03,-181.75,1992.14,-315.334,-471.626,1983.84,78.3552,76.8113,1858.43,172.442,-165.698,1956.33,271.645,-430.802,1899.43,-74.0871,-133.318,1937.26,-63.1877,-325.331,1953.92,-172.427,-357.414,1983.54,-180.682,-752.213,1985.17,-180.682,-1127.62,1985.17,47.0152,-343.531,1991.08,40.5544,-742.169,1995.69,40.5544,-1117.58,1995.69,-312.95,-423.313,1985.22,255.094,-386.625,1908.92,-88.554,157.142,1842.72
2019-06-06-10-51-08-637,15,-122.649,260.193,1795.96,-96.2648,86.7521,1877.7,-257.462,69.2644,1887.87,-306.907,-181.279,1998.38,-318.962,-469.258,1986.22,68.5702,87.1015,1869.69,186.208,-149.629,1952.87,347.48,-366.986,1880.73,-84.336,-127.798,1945.64,-73.329,-320.097,1963.15,-182.492,-353.939,1989.98,-188.555,-751.525,1993.42,-188.555,-1126.91,1993.42,37.8365,-341.03,1994.39,31.3445,-739.47,1994.64,31.3445,-1114.86,1994.64,-316.953,-421.262,1988.25,320.551,-330.792,1892.75,-100.521,163.302,1853.46
2019-06-06-10-51-08-975,15,-131.357,265.393,1802.55,-103.748,91.1347,1883.44,-263.533,71.1414,1894.45,-310.072,-180.149,2002.82,-320.367,-467.157,1989.04,62.1629,95.1549,1880.03,213.757,-125.968,1941.64,419.38,-297.169,1854.73,-91.4986,-124.098,1949.86,-80.9764,-316.665,1967.79,-188.078,-353.174,1997.3,-190.086,-752.793,2001.57,-190.086,-1128.16,2001.57,30.6219,-338.671,1995.43,26.504,-736.792,1994.55,26.504,-1112.16,1994.55,-318.651,-419.322,1991.33,385.072,-268.666,1869.22,-108.116,167.859,1859.76
2019-06-06-10-51-09-317,15,-132.68,268.489,1805.48,-106.873,94.0043,1887.24,-265.846,74.2031,1901.62,-311.848,-176.87,2006.95,-320.733,-464.356,1994.75,60.3116,101.599,1886.87,248.614,-92.5324,1922.48,488.958,-192.31,1815.04,-95.0459,-122.026,1952.56,-85.1257,-314.872,1970.17,-189.249,-352.561,2005.75,-188.036,-751.766,2010.88,-188.036,-1127.12,2010.88,26.6325,-335.638,1996.23,25.3081,-732.948,1995.88,25.3081,-1108.31,1995.88,-319.252,-416.442,1996.78,448.868,-175.744,1832.95,-111.083,170.874,1864
2019-06-06-10-51-09-675,15,-128.538,270.087,1806.62,-107.36,95.6019,1890.19,-265.917,76.731,1907.59,-311.999,-173.027,2012.45,-321.158,-461.427,2000.65,61.005,104.942,1888.16,278.294,-59.2545,1901.03,531.956,-85.9541,1774.43,-96.1852,-121.103,1955.13,-86.7004,-314.252,1971.46,-189.375,-352.18,2008.87,-188.21,-751.298,2009.27,-188.21,-1126.65,2009.27,24.9673,-331.487,1997.38,25.1684,-727.827,1997.74,25.1684,-1103.18,1997.74,-319.631,-413.36,2002.61,489.681,-81.5625,1795.53,-111.329,172.543,1867.14
2019-06-06-10-51-10-004,15,-122.278,270.706,1806.63,-106.639,96.3042,1891.87,-265.755,78.8057,1909.45,-311.531,-168.92,2017.13,-321.885,-459.207,2004.14,62.437,105.68,1885.4,299.08,-32.3657,1884.83,553.518,-3.98605,1746.37,-96.145,-121.049,1956.3,-86.9611,-314.446,1971.45,-189.315,-351.612,2007.48,-188.615,-750.392,2004.71,-188.615,-1125.73,2004.71,23.9892,-327.717,1998.85,24.2065,-724.54,1999.61,24.2065,-1099.88,1999.61,-320.159,-410.826,2006.31,511.145,-8.7191,1769.45,-110.359,173.326,1869.04
2019-06-06-10-51-10-337,15,-117.451,270.003,1805.02,-105.523,96.3438,1891.96,-265.235,79.438,1908.09,-311.248,-167.347,2016.48,-322.975,-459.826,2003.81,63.9,104.997,1879.91,299.506,-35.9682,1882.86,561.576,-4.45849,1748.33,-95.6546,-121.945,1954.3,-86.6915,-315.538,1968.48,-189.254,-350.828,2001.92,-188.887,-749.361,1996.6,-188.887,-1124.7,1996.6,22.5871,-327.311,1998.8,22.0596,-727.026,1998.3,22.0596,-1102.36,1998.3,-321.02,-411.079,2005.93,517.936,-9.68005,1770.75,-109.016,173.599,1869.9
2019-06-06-10-51-10-672,15,-114.823,268.779,1801.06,-104.371,96.0587,1889.22,-264.779,79.2369,1902.35,-311.237,-167.284,2009.85,-324.749,-461.438,1998.72,64.9571,103.568,1875.88,275.142,-64.9042,1900.31,544.639,-98.9393,1807.55,-95.0725,-123.183,1948.4,-86.2837,-316.945,1961.56,-189.076,-349.327,1993.41,-188.776,-747.255,1986.69,-188.776,-1122.59,1986.69,20.209,-328.141,1997.25,18.7237,-728.422,1995.72,18.7237,-1103.75,1995.72,-322.497,-412.412,2000.57,499.68,-93.4656,1823.01,-107.661,173.632,1868.28
2019-06-06-10-51-11-015,15,-113.697,267.59,1795.01,-103.268,95.9102,1884.67,-263.909,78.8195,1896.29,-311.29,-167.307,2003.56,-326.809,-459.084,1991.2,65.6957,101.853,1873.71,236.902,-96.2475,1927.5,488.272,-207.729,1883.36,-94.5404,-123.551,1942.97,-85.9351,-317.469,1954.91,-187.936,-348.402,1988.2,-186.923,-746.932,1985.29,-186.923,-1122.26,1985.29,17.7815,-330.621,1995.21,16.3337,-731.888,1993.59,16.3337,-1107.22,1993.59,-324.223,-410.455,1993.26,446.226,-189.421,1890.71,-106.356,173.58,1864.04
2019-06-06-10-51-11-349,15,-113.333,266.753,1788.87,-102.106,95.9313,1879.97,-262.504,78.676,1893.11,-311.737,-168.829,2001.56,-327.75,-459.599,1991.55,66.3228,100.014,1873.89,197.68,-122.257,1953.71,408.407,-304.808,1952.49,-94.07,-123.225,1939.27,-85.6775,-317.224,1950.92,-186.689,-347.898,1986.21,-185.771,-746.757,1986.03,-185.771,-1122.09,1986.03,16.1132,-332.708,1994.05,15.3566,-733.193,1993.42,15.3566,-1108.52,1993.42,-325.081,-411.137,1993.22,373.126,-274.558,1952.7,-104.95,173.515,1858.98
2019-06-06-10-51-11-684,15,-110.836,266.604,1784.89,-99.3172,96.0803,1876.94,-258.54,77.6674,1892.89,-311.888,-169.485,2001.6,-327.944,-460.018,1997.58,67.8981,97.9229,1876.12,170.085,-135.642,1976.42,318.129,-376.885,1984.51,-91.45,-122.453,1938.28,-82.9516,-316.343,1952.03,-184.258,-347.205,1986.94,-182.439,-745.828,1988.62,-182.439,-1121.16,1988.62,18.0835,-334.255,1996.21,20.3417,-734.119,1998.39,20.3417,-1109.45,1998.39,-325.268,-411.595,1998.25,293.439,-336.682,1983.16,-102.103,173.463,1855.22
2019-06-06-10-51-12-014,15,-105.759,267.229,1784.5,-94.0321,96.674,1877.78,-252.827,77.7062,1896.56,-311.319,-169.042,2003.3,-327.725,-459.567,2007.26,71.603,97.0343,1882.39,163.477,-137.603,1995.65,239.139,-415.181,1998.09,-84.9581,-120.184,1944.81,-75.0811,-313.701,1962.55,-177.451,-345.218,1996.48,-172.082,-742.705,2005.01,-172.082,-1118.03,2005.01,25.9569,-335.599,2006.75,32.7211,-735.28,2015.59,32.7211,-1110.61,2015.59,-324.99,-411.145,2006.6,226.624,-368.841,1997.68,-97.2452,173.43,1854.06
2019-06-06-10-51-12-346,15,-98.356,267.821,1787.75,-85.5806,97.2123,1881.83,-245.309,78.7279,1899.86,-308.989,-166.08,2007.97,-327.022,-456.717,2014.33,79.5377,95.7551,1887.44,163.973,-139.255,2007.03,200.602,-431.946,2006.81,-76.3965,-118.369,1953.61,-65.4631,-311.561,1974.46,-169.401,-343.374,2007.44,-163.741,-741.18,2015.58,-163.741,-1116.51,2015.58,36.2015,-335.058,2019.59,43.8305,-733.148,2028.9,43.8305,-1108.48,2028.9,-324.016,-408.277,2013.27,194.589,-383.089,2006.85,-88.8288,173.441,1856.45
2019-06-06-10-51-12-679,15,-89.6995,268.921,1793.75,-76.8561,97.4527,1887.01,-237.844,80.3295,1903.04,-304.697,-162.441,2014.93,-325.533,-453.154,2018.66,88.4534,94.1416,1891.58,166.696,-141.677,2014.34,196.114,-437.506,2006.79,-68.9267,-117.798,1960.81,-57.9382,-310.922,1982.62,-163.422,-342.482,2012.85,-160.145,-741.2,2015.24,-160.145,-1116.53,2015.24,44.8588,-335.252,2026.2,50.1367,-734.29,2029.13,50.1367,-1109.62,2029.13,-322.059,-404.702,2018.04,191.269,-388.15,2008.05,-79.6573,173.482,1860.94
2019-06-06-10-51-13-004,15,-84.6251,269.443,1799.59,-71.6,97.385,1891.86,-234.302,82.6415,1905.4,-299.932,-160.218,2018.62,-323.114,-450.993,2019.5,93.6131,92.4741,1894.46,175.144,-144.726,2011.64,266.81,-417.773,2002,-64.5463,-118.299,1964.8,-54.2462,-311.615,1985.34,-160.548,-341.781,2013.32,-159.897,-740.561,2011.82,-159.897,-1115.89,2011.82,49.0992,-335.346,2027.2,50.369,-734.339,2025.73,50.369,-1109.67,2025.73,-319.25,-402.531,2019.36,251.558,-372.238,2003.61,-74.0912,173.538,1866.11
2019-06-06-10-51-13-342,15,-84.4482,269.783,1804.76,-70.8341,97.2154,1895.86,-234.723,85.0262,1909.08,-298.467,-158.78,2021.05,-319.769,-449.273,2018.54,94.486,91.9421,1896.28,220.363,-133.493,1979.84,405.952,-324.088,1940.2,-64.2491,-118.999,1966.77,-55.1551,-312.67,1984.27,-161.514,-341.265,2011.15,-163.646,-740.12,2008.3,-163.646,-1115.45,2008.3,47.7099,-334.851,2026.29,44.7431,-733.38,2024.21,44.7431,-1108.71,2024.21,-316.219,-400.857,2018.96,374.848,-292.429,1946.81,-73.161,173.605,1870.81
2019-06-06-10-51-13-678,15,-91.3593,269.753,1809.25,-74.3418,97.0345,1898.96,-238.187,85.791,1912.6,-299.296,-158.529,2024.62,-319.055,-449.032,2018.85,92.8653,94.5156,1896.02,281.488,-86.0692,1931.18,517.988,-167.118,1837.5,-68.7607,-119.615,1967.65,-59.9689,-313.549,1982.33,-165.351,-341.323,2010.58,-169.128,-740.602,2009.91,-169.128,-1115.94,2009.91,42.5081,-333.749,2024.18,37.4075,-731.867,2021.87,37.4075,-1107.2,2021.87,-315.762,-400.615,2019.81,478.296,-153.928,1853.11,-76.3165,173.677,1874.66
2019-06-06-10-51-14-008,15,-101.794,269.485,1812.81,-79.7057,96.9426,1900.94,-242.715,85.9362,1917.02,-301.196,-158.59,2030.33,-320.117,-450.464,2020.9,90.6981,99.6868,1893.03,324.891,-20.5814,1877.26,572.188,-13.7413,1743.35,-75.2732,-119.875,1968.01,-66.5572,-313.967,1980.87,-170.652,-342.103,2011.58,-174.859,-741.883,2012.43,-174.859,-1117.22,2012.43,35.9661,-331.915,2022.68,30.8291,-729.552,2021.46,30.8291,-1104.89,2021.46,-316.964,-401.818,2022.47,530.858,-15.1214,1765.67,-81.2762,173.763,1877.17
2019-06-06-10-51-14-353,15,-110.56,269.319,1814.98,-84.5279,96.9459,1901.99,-247.429,85.9014,1920.19,-303.693,-158.702,2035.6,-320.257,-452.212,2025.48,88.3437,104.305,1885.94,345.855,22.9862,1844.93,592.483,73.2654,1691.09,-79.6578,-119.791,1968.15,-71.2057,-313.977,1980,-174.304,-342.699,2013.13,-176.48,-742.159,2014.3,-176.48,-1117.5,2014.3,31.6019,-329.746,2022.13,29.0617,-727.279,2021.91,29.0617,-1102.62,2021.91,-317.496,-403.293,2027.17,551.414,64.8594,1716.73,-86.256,173.854,1878.52
2019-06-06-10-51-14-697,15,-115.054,269.47,1815.89,-87.8072,96.9811,1902.45,-251.08,85.6675,1921.37,-305.878,-159.392,2038.13,-319.925,-454.394,2030.9,86.1238,106.649,1880.38,353.285,35.5887,1842.37,599.953,91.9681,1679.79,-81.8561,-119.601,1968.15,-73.2426,-313.817,1979.56,-175.794,-342.862,2014.75,-176.058,-741.9,2015.83,-176.058,-1117.24,2015.83,30.1565,-327.748,2021.67,30.1521,-725.565,2021.49,30.1521,-1100.91,2021.49,-317.583,-405.227,2032.11,558.929,82.6557,1706.89,-89.9216,173.922,1879.11
2019-06-06-10-51-15-028,15,-115.434,269.854,1816.07,-89.2307,97.0209,1902.58,-253.092,85.7982,1921.19,-306.777,-159.988,2038.58,-319.596,-455.108,2033.26,85.0229,107.277,1878.79,349.724,20.6478,1856.53,604.872,63.771,1705.12,-82.6476,-119.468,1968.09,-73.6843,-313.683,1979.36,-176.227,-342.872,2015.45,-175.877,-741.821,2015.66,-175.877,-1117.17,2015.66,30.3524,-326.492,2021.19,31.341,-724.99,2020.96,31.341,-1100.33,2020.96,-317.459,-405.921,2034.15,562.418,56.6455,1730.36,-91.5708,173.973,1879.29
2019-06-06-10-51-15-358,15,-112.689,270.367,1815.78,-89.5223,97.043,1902.57,-253.756,85.5811,1920.18,-306.763,-160.736,2038.12,-319.576,-454.687,2034.15,84.6807,106.961,1880.28,333.346,-14.3218,1881.24,598.32,-16.185,1755.36,-82.7115,-119.406,1968.01,-73.3189,-313.606,1979.26,-176.091,-342.668,2015.75,-175.554,-741.478,2015.72,-175.554,-1116.83,2015.72,31.4803,-325.536,2020.31,32.8191,-724.204,2019.71,32.8191,-1099.55,2019.71,-317.44,-405.695,2034.81,554.177,-15.9269,1776.34,-91.9438,173.999,1879.3
2019-06-06-10-51-15-690,15,-106.075,270.47,1813.45,-88.8024,97.0616,1901.61,-252.95,84.7266,1917.71,-306.136,-161.24,2038,-319.657,-452.568,2034.9,84.6706,105.772,1881.59,295.376,-63.0492,1917.41,551.421,-146.743,1841.43,-81.6474,-119.345,1967.1,-72.1275,-313.537,1978.42,-175.237,-341.653,2015.42,-174.32,-739.829,2014.95,-174.32,-1115.18,2014.95,33.1331,-324.649,2019.17,34.5615,-723.292,2018.41,34.5615,-1098.64,2018.41,-317.403,-404.013,2035.42,508.619,-133.039,1854.09,-91.3465,174.009,1878.33
2019-06-06-10-51-16-025,15,-96.8949,270.624,1808.99,-84.8054,97.0522,1897.96,-248.047,83.7386,1913.13,-304.023,-160.853,2037.49,-320.187,-450.992,2035.98,86.9403,102.372,1882.37,230.72,-107.938,1967.22,415.296,-295.358,1937.33,-78.2166,-119.314,1963.63,-68.7833,-313.349,1977.3,-172.259,-340.596,2014.46,-169.757,-738.886,2013.6,-169.757,-1114.24,2013.6,36.0848,-325.029,2019.14,38.3668,-724.7,2019.39,38.3668,-1100.05,2019.39,-317.493,-402.635,2036.24,384.271,-264.366,1942.31,-87.1483,173.986,1874.61
2019-06-06-10-51-16-350,15,-82.0916,270.393,1803.53,-73.6846,97.0482,1893.45,-234.306,82.6891,1910,-298.062,-160.434,2036.93,-320.447,-449.929,2036.42,97.0147,99.6821,1882.73,197.099,-133.881,1994.66,285.257,-388.092,2010.33,-69.9371,-119.233,1959.61,-61.3192,-313.079,1976.13,-165.189,-339.979,2013.63,-159.625,-738.724,2013.04,-159.625,-1114.08,2013.04,43.2942,-326.344,2018.94,48.8837,-726.602,2018.91,48.8837,-1101.96,2018.91,-316.716,-401.68,2036.51,270.328,-345.799,2007.72,-75.0168,173.949,1869.93
2019-06-06-10-51-16-686,15,-66.3875,269.8,1798.27,-60.5804,97.1158,1889.62,-221.507,85.32,1905.83,-286.343,-157.889,2034.98,-318.497,-446.59,2036.83,107.823,94.9827,1883.47,186.342,-149.238,2007.09,209.793,-434.109,2046.24,-58.7913,-118.882,1956.95,-51.0662,-312.616,1975.28,-154.354,-340.886,2014.72,-146.384,-740.908,2015.83,-146.384,-1116.27,2015.83,53.6837,-328.055,2018.18,61.1921,-728.409,2017.64,61.1921,-1103.77,2017.64,-313.139,-398.473,2036.53,205.866,-386.562,2039.72,-61.2159,173.901,1865.69
2019-06-06-10-51-17-014,15,-54.0019,267.962,1794.52,-49.1301,97.2234,1886.84,-211.306,88.5155,1902.96,-273.004,-155.674,2033.17,-312.413,-443.85,2037.04,117.211,91.9438,1883.96,189.285,-157.08,2007.45,184.279,-451.794,2059.63,-47.4828,-118.417,1955.63,-40.0256,-312.089,1974.86,-142.697,-341.735,2016.1,-134.988,-741.473,2017.21,-134.988,-1116.84,2017.21,64.9157,-328.754,2017.9,72.2874,-728.073,2017.83,72.2874,-1103.44,2017.83,-305.845,-395.821,2036.4,185.214,-402.564,2050.93,-49.7154,173.85,1862.39
2019-06-06-10-51-17-350,15,-46.4951,265.958,1792.55,-41.0422,97.3059,1885.16,-204.39,90.9422,1901.29,-263.002,-153.743,2032.25,-302.545,-440.827,2037.17,123.832,89.9467,1883.99,199.906,-162.168,1996.86,184.474,-454.19,2062.78,-39.009,-118.068,1955.2,-31.7614,-311.726,1974.72,-134.365,-341.915,2017.04,-130.093,-740.979,2017.6,-130.093,-1116.35,2017.6,72.4038,-329.953,2020.01,76.0441,-729.76,2021.93,76.0441,-1105.13,2021.93,-295.954,-392.98,2036.35,187.171,-405.419,2051.79,-41.7643,173.795,1860.28
2019-06-06-10-51-17-686,15,-43.4371,264.157,1791.78,-36.7587,97.3457,1884.23,-200.521,92.2151,1900.54,-258.678,-152.355,2031.92,-295.965,-437.899,2037.2,126.585,87.2006,1883.83,206.776,-165.949,1988.73,191.593,-452.667,2060.08,-34.9357,-117.882,1955.21,-27.8043,-311.549,1974.71,-130.641,-341.826,2017.9,-130.103,-740.707,2018.37,-130.103,-1116.08,2018.37,75.2489,-331.663,2022.94,75.2021,-731.868,2025.18,75.2021,-1107.24,2025.18,-289.75,-390.309,2036.32,194.227,-404.813,2048.19,-37.4057,173.733,1859.03
2019-06-06-10-51-18-020,15,-42.8789,262.612,1791.34,-35.1114,97.3666,1883.56,-198.763,92.5985,1900.32,-258.03,-151.638,2032.14,-293.51,-437.114,2037.13,126.794,84.2763,1883.45,210.001,-168.771,1984.48,197.45,-453.349,2051.89,-33.7837,-117.762,1955.39,-26.6849,-311.445,1974.75,-129.831,-341.736,2018.88,-203.024,-623.925,1830.26,-163.131,-667.513,2191.04,75.0538,-334.063,2026.1,73.2347,-734.763,2028.23,73.2347,-1114.33,2028.23,-287.597,-389.535,2036.3,199.607,-405.88,2040.66,-35.5824,173.664,1858.09
2019-06-06-10-51-18-351,15,-43.4505,261.413,1791.12,-34.8408,97.3769,1883,-198.091,92.5017,1900.35,-259.505,-151.452,2032.57,-293.174,-437.603,2037.04,126.467,82.8647,1883.05,210.535,-170.339,1982.65,201.424,-455.091,2040.93,-34.0545,-117.685,1955.6,-26.9437,-311.385,1974.8,-130.108,-341.894,2020.41,-131.388,-741.087,2021.44,-131.388,-1119.82,2021.44,74.2603,-337.067,2027.4,72.7928,-738.132,2027.76,72.7928,-1116.87,2027.76,-287.563,-389.911,2036.3,202.975,-407.611,2031.21,-35.1196,173.591,1857.27
2019-06-06-10-51-18-678,15,-44.5663,261.641,1790.5,-35.1617,97.374,1882.57,-197.896,92.2293,1900.46,-262.004,-151.582,2033.09,-293.039,-438.749,2036.93,125.997,82.3202,1882.7,209.98,-171.146,1982.7,203.51,-456.507,2034.45,-34.9234,-117.671,1955.82,-27.8568,-309.347,1974.65,-130.693,-342.222,2022.34,-131.671,-741.543,2023.63,-131.671,-1119.61,2023.63,73.3942,-339.415,2027.89,72.381,-739.761,2027.75,72.381,-1117.83,2027.75,-287.866,-390.887,2036.29,204.603,-408.937,2025.82,-35.2462,173.518,1856.63
2019-06-06-10-51-19-011,15,-45.9627,262.464,1789.81,-35.6958,97.3618,1882.26,-197.907,91.932,1900.56,-264.061,-152.23,2033.24,-293.082,-440.341,2036.92,125.521,82.2474,1882.37,208.762,-171.738,1983.42,204.295,-457.718,2031.77,-35.9496,-117.708,1956.06,-28.9384,-306.739,1974.46,-131.266,-342.756,2024.37,-131.905,-742.221,2025.63,-131.905,-1119.76,2025.63,72.6405,-341.27,2028.01,71.9896,-741.217,2027.76,71.9896,-1118.75,2027.76,-288.245,-392.322,2036.31,205.045,-410.051,2023.71,-35.6062,173.448,1856.15
2019-06-06-10-51-19-349,15,-47.4473,263.497,1789.13,-36.2767,97.3533,1881.9,-197.905,91.5943,1900.66,-264.987,-153.296,2033.44,-293.546,-442.096,2036.9,125.047,82.3959,1882.01,207.207,-172.632,1983.59,204.204,-459.08,2030.98,-36.9502,-117.74,1956.29,-29.9842,-304.247,1974.27,-132.112,-343.452,2025.45,-132.823,-743.013,2025.83,-132.823,-1120.12,2025.83,72.1958,-341.762,2028.05,71.9239,-740.634,2027.89,71.9239,-1117.74,2027.89,-288.786,-393.963,2036.32,204.706,-411.339,2023.08,-36.0388,173.378,1855.61
2019-06-06-10-51-19-685,15,-49.0848,263.997,1787.45,-37.1431,97.3716,1881.24,-198.237,91.2985,1900.49,-265.195,-154.021,2034.32,-294.988,-443.218,2036.78,124.637,82.361,1876.79,204.845,-172.518,1982.41,205.057,-459.531,2028.68,-37.8979,-117.673,1956.43,-30.9312,-302.079,1974.12,-133.002,-344.234,2025.95,-133.631,-743.823,2025.96,-133.631,-1120.59,2025.96,71.8001,-341.888,2028.11,71.5816,-740.693,2028.06,71.5816,-1117.46,2028.06,-290.022,-395.019,2036.37,205.021,-411.696,2020.97,-36.8766,173.306,1854.68
2019-06-06-10-51-20-022,15,-50.7131,263.152,1783.39,-38.0602,96.7845,1879.13,-198.548,90.9163,1900.13,-263.271,-148.809,2040.83,-299.77,-440.437,2047.33,124.389,81.6727,1859.72,201.721,-171.644,1966.22,205.763,-460.089,2022.17,-38.5777,-117.708,1956.33,-31.5952,-300.447,1973.99,-133.826,-344.722,2025.8,-119.16,-698.027,1948.99,-81.749,-700.846,2319.17,71.5942,-341.811,2028,71.5361,-740.624,2027.85,71.5361,-1117.53,2027.85,-293.688,-391.832,2046.25,205.09,-412.018,2012.84,-37.8776,172.473,1851.89
2019-06-06-10-51-20-352,15,-51.9289,261.287,1778.17,-38.6395,94.7716,1875.36,-197.174,88.2583,1901.47,-256.362,-134.03,2063.98,-305.329,-427.112,2076.46,122.067,76.0087,1842.49,200.904,-177.51,1939.1,205.722,-469.797,1994.65,-38.6047,-118.134,1956.05,-31.8985,-299.571,1973.71,-134.942,-345.125,2023.7,-83.1135,-729.222,2060.51,-23.7821,-714.086,2431.04,71.4615,-341.721,2027.65,71.437,-740.642,2027.33,71.437,-1117.25,2027.33,-297.171,-378.263,2074.38,204.919,-421.083,1985.39,-38.6523,169.986,1846.85
2019-06-06-10-51-20-690,15,-52.9597,259.591,1774.85,-38.9103,91.8899,1871.77,-195.016,85.802,1904.68,-240.601,-115.995,2090.72,-310.925,-406.569,2098.63,121.649,72.4068,1835.34,200.954,-181.61,1920.94,204.933,-477.739,1966.36,-38.1971,-118.888,1955.86,-31.9446,-299.318,1973.4,-137.036,-345.56,2017.44,-81.5342,-707.544,2179.89,74.3084,-795.754,2471.15,71.2676,-341.546,2027.03,71.1659,-740.46,2026.56,71.1659,-1116.83,2026.56,-299.199,-358.141,2097.31,204.269,-428.377,1958.79,-39.1643,166.598,1841.97
2019-06-06-10-51-21-025,15,-53.7244,258.41,1773.89,-38.9296,89.3633,1869.82,-193.18,85.1414,1909.43,-232.092,-111.03,2104.67,-317.326,-398.334,2103.93,122.243,70.8182,1836.48,201.384,-183.881,1921.06,204.487,-481.936,1954.19,-37.5582,-119.521,1955.8,-31.8589,-299.163,1973.2,-138.224,-345.612,2012.69,-91.6303,-675.011,2250.79,127.891,-861.753,2431.59,71.1079,-341.217,2026.32,71.0321,-740.048,2025.82,71.0321,-1116.23,2025.82,-303.112,-350.452,2104.05,203.97,-432.256,1948.67,-39.4189,163.749,1839.2
2019-06-06-10-51-21-368,15,-54.248,258.423,1775.55,-38.8491,87.6809,1869.51,-192.579,85.0908,1912.49,-231.917,-115.579,2104.51,-321.567,-401.624,2096.42,122.837,70.6856,1843.59,202.061,-183.922,1930.64,204.393,-482.621,1955.9,-36.8714,-119.84,1955.82,-31.7292,-298.856,1973.1,-138.378,-345.35,2010.7,-86.8249,-691.112,2222.95,98.1165,-808.831,2482.54,71.0331,-340.713,2025.57,71.0229,-739.442,2025.1,71.0229,-1115.48,2025.1,-306.622,-353.95,2097.77,204.005,-432.838,1951.69,-39.5574,161.96,1838.62
2019-06-06-10-51-21-702,15,-54.6951,259.834,1779.93,-38.805,86.7335,1870.42,-193.079,85.2294,1913.76,-240.982,-123.747,2095.58,-324.025,-411.401,2084.26,123.236,71.4126,1851.56,203.085,-183.23,1940.79,204.81,-481.962,1963.29,-36.4324,-119.96,1955.93,-31.618,-298.477,1973.07,-137.941,-345.089,2010.46,-137.35,-743.979,2011.16,-137.35,-1119.9,2011.16,70.914,-340.102,2025.12,70.8499,-738.794,2024.93,70.8499,-1114.71,2024.93,-310.186,-363.458,2086.15,204.523,-432.175,1959.54,-39.6582,161.073,1839.67
2019-06-06-10-51-22-029,15,-55.0552,261.431,1785.35,-38.8238,86.2054,1872.39,-194.373,85.4236,1913.93,-247.126,-130.891,2087.97,-326.541,-419.099,2073.81,123.72,72.4032,1855.8,203.521,-182.899,1947.61,206.141,-481.65,1964.29,-36.2348,-120.179,1956.19,-31.5594,-298.306,1973.09,-137.319,-344.89,2010.99,-136.745,-743.877,2011.92,-136.745,-1119.7,2011.92,70.7837,-339.46,2024.81,70.7089,-738.169,2024.7,70.7089,-1113.99,2024.7,-313.307,-371.064,2076.17,205.704,-431.86,1961.51,-39.7584,160.742,1842.12
2019-06-06-10-51-22-368,15,-55.2397,262.176,1789.51,-38.8746,85.886,1874.81,-195.999,85.7002,1913.49,-251.204,-135.889,2082.48,-326.331,-424.621,2062.91,124.159,73.4325,1857.83,203.817,-182.989,1950.75,210.1,-481.456,1966.9,-36.1624,-120.507,1956.54,-31.5259,-298.33,1973.14,-136.84,-344.762,2011.27,-136.502,-743.823,2011.66,-136.502,-1119.57,2011.66,70.6749,-338.834,2024.53,70.6193,-737.588,2024.43,70.6193,-1113.34,2024.43,-313.812,-376.498,2066.17,209.053,-431.713,1964.21,-39.857,160.681,1845.2
2019-06-06-10-51-22-700,15,-55.2684,262.148,1792.2,-38.9492,85.6659,1877.24,-197.665,86.1212,1912.77,-252.679,-138.665,2078.52,-326.194,-427.861,2059.65,124.498,74.4406,1858.75,203.828,-182.634,1951.62,217.523,-480.645,1970.21,-36.1501,-120.882,1956.91,-31.5043,-298.466,1973.21,-136.448,-344.67,2011.43,-136.22,-743.762,2011.62,-136.22,-1119.45,2011.62,70.6124,-338.17,2024.27,70.5937,-736.906,2024.14,70.5937,-1112.6,2024.14,-313.942,-379.661,2062.8,215.242,-430.976,1967.11,-39.9658,160.721,1848.3
2019-06-06-10-51-23-036,15,-55.2514,261.707,1793.74,-39.0335,85.5066,1879.31,-198.724,86.1317,1912.37,-252.952,-139.662,2076.76,-326.096,-429.155,2058.38,124.747,75.418,1858.95,203.694,-181.839,1951.1,223.779,-479.541,1971.63,-36.1604,-121.203,1957.23,-31.4888,-298.595,1973.28,-136.118,-344.597,2011.55,-135.947,-743.703,2011.65,-135.947,-1119.35,2011.65,70.5995,-337.427,2024,70.615,-736.11,2023.87,70.615,-1111.76,2023.87,-313.906,-380.907,2061.44,220.433,-429.924,1968.21,-40.0794,160.782,1850.94
2019-06-06-10-51-23-364,15,-55.3111,261.214,1794.54,-39.1328,85.4007,1880.81,-199.393,86.0725,1912.08,-253.454,-139.652,2076.01,-325.527,-429.635,2057.64,124.809,76.1688,1858.89,203.569,-180.945,1950.53,226.637,-478.607,1972.38,-36.1787,-121.387,1957.44,-31.4786,-298.603,1973.59,-135.884,-344.548,2011.77,-135.788,-743.674,2011.94,-135.788,-1119.29,2011.94,70.6629,-336.925,2023.85,70.7319,-735.837,2023.8,70.7319,-1111.45,2023.8,-313.515,-381.305,2060.7,222.793,-428.997,1968.74,-40.2102,160.834,1852.85
2019-06-06-10-51-23-691,15,-55.4533,260.758,1794.95,-39.2517,85.325,1881.87,-199.857,86.0251,1911.81,-254.328,-139.266,2075.72,-324.785,-429.945,2057.69,124.823,76.9391,1858.82,203.305,-179.967,1950.51,227.614,-477.76,1973.34,-36.1987,-121.486,1957.59,-31.4751,-298.543,1974.07,-135.716,-344.509,2012.08,-135.659,-743.641,2012.31,-135.659,-1119.23,2012.31,70.6828,-336.746,2023.89,70.6979,-735.913,2023.99,70.6979,-1111.5,2023.99,-313.043,-381.499,2060.7,223.562,-428.128,1969.53,-40.3668,160.87,1854.21
2019-06-06-10-51-24-027,15,-57.5993,260.439,1795.51,-41.131,85.2897,1882.81,-202.868,87.7577,1910.45,-256.028,-137.821,2074.04,-323.441,-429.878,2058.72,122.746,77.347,1863.71,203.421,-179.58,1952.76,227.014,-477.904,1976.08,-38.5138,-121.715,1957.85,-32.8894,-298.512,1975.31,-136.676,-344.693,2013.14,-137.562,-744.016,2013.97,-137.562,-1119.58,2013.97,69.655,-336.339,2023.88,68.7755,-735.254,2023.89,68.7755,-1110.82,2023.89,-312.205,-381.202,2061.28,223.082,-428.184,1972.19,-42.0873,160.924,1855.38
2019-06-06-10-51-24-358,15,-61.4743,260.299,1796.09,-45.1575,85.4015,1883.72,-207.162,88.9469,1909.61,-261.163,-137.762,2071.43,-320.488,-433.803,2060.01,118.419,78.0102,1871.75,202.968,-177.141,1962.45,224.581,-477.613,1987.17,-43.7433,-122.193,1958.26,-36.6064,-298.6,1977.3,-139.448,-345.15,2015.25,-141.705,-744.676,2016.86,-141.705,-1120.22,2016.86,66.5458,-335.686,2023.72,64.0479,-734.401,2023.6,64.0479,-1109.95,2023.6,-310.598,-384.463,2061.92,220.979,-427.534,1983.05,-45.6741,161.124,1856.53
2019-06-06-10-51-24-686,15,-66.7174,259.216,1797.28,-50.5105,85.5891,1884.6,-212.097,89.0347,1909.44,-269.319,-140.913,2066.32,-315.263,-440.494,2061.95,112.996,78.94,1877.16,201.36,-172.764,1975,223.884,-474.613,1995.37,-50.1281,-122.911,1958.7,-41.8288,-298.95,1978.87,-143.485,-345.516,2017.35,-146.463,-744.913,2018.72,-146.463,-1120.45,2018.72,61.5756,-335.205,2023.3,57.8765,-734.111,2022.96,57.8765,-1109.65,2022.96,-307.6,-390.565,2062.67,220.13,-424.305,1991.97,-50.6504,161.402,1857.66
2019-06-06-10-51-25-023,15,-71.7593,258.075,1798.52,-55.8979,85.8255,1885.21,-216.65,87.95,1909.99,-274.996,-146.976,2059.03,-312.546,-447.099,2063.75,108.089,80.5008,1879.35,198.292,-166.958,1986.21,227.607,-467.796,1991.94,-55.8524,-123.613,1959.05,-47.498,-299.406,1979.71,-148.931,-345.356,2017.44,-152.741,-744.296,2017.01,-152.741,-1119.83,2017.01,55.6601,-335.256,2023.4,51.6181,-734.614,2023.57,51.6181,-1110.14,2023.57,-306.284,-397.078,2062.96,222.714,-417.656,1990.98,-55.9144,161.707,1858.45
2019-06-06-10-51-25-357,15,-77.4342,256.901,1799.56,-60.8298,86.0798,1885.65,-220.969,86.5516,1910.7,-278.319,-151.995,2054.88,-311.378,-451.294,2063.62,103.617,81.9455,1880.04,194.491,-163.419,1991.95,231.888,-461.8,1983.51,-60.3327,-124.209,1959.32,-52.711,-299.856,1980.05,-155.34,-344.462,2015.73,-91.2725,-717.189,2142,36.6916,-757.515,2460.84,50.1422,-335.946,2024.42,46.8069,-735.773,2025.31,46.8069,-1112.73,2025.31,-305.868,-401.41,2062.17,225.647,-412.069,1984.91,-61.0085,162.017,1859.05
2019-06-06-10-51-25-685,15,-82.8006,255.815,1800.39,-64.7488,86.3399,1886.07,-224.649,85.2637,1911.36,-279.534,-155.918,2053.8,-311.651,-453.816,2062.13,100.061,83.41,1880.09,189.825,-162.241,1994.44,236.463,-457.765,1980.92,-63.1273,-124.673,1959.51,-56.2616,-300.221,1980.13,-159.73,-344.448,2015.02,-94.9828,-729.326,2098.38,-98.7792,-1111.7,2068.26,46.7958,-336.282,2024.82,45.4387,-735.678,2025.02,45.4387,-1112.34,2025.02,-306.3,-404.166,2060.74,228.688,-408.51,1983.17,-65.3316,162.329,1859.63
2019-06-06-10-51-26-014,15,-86.4387,255.006,1801.03,-67.4292,86.6203,1886.52,-227.427,84.4885,1911.81,-280.512,-157.088,2055.61,-312.145,-453.646,2059.22,97.6771,84.8284,1879.94,184.766,-161.989,1995.5,239.248,-454.853,1981.59,-64.5799,-124.991,1959.66,-58.0166,-300.455,1980.11,-161.95,-344.952,2014.95,-93.0309,-733.919,2078.36,-91.2546,-1110.63,2071.22,45.3169,-336.497,2025.24,45.2928,-735.781,2025.48,45.2928,-1112.22,2025.48,-306.874,-404.219,2058.62,230.17,-406.041,1983.9,-68.4524,162.663,1860.24
2019-06-06-10-51-26-346,15,-88.0906,255.35,1803.19,-68.6822,86.9545,1887.08,-228.417,84.2781,1913.91,-281.664,-156.204,2059.41,-312.57,-451.596,2056.81,96.6294,86.1967,1881.14,180.82,-162.006,1995.77,240.347,-452.853,1984.25,-64.8799,-125.089,1959.96,-58.2508,-300.496,1980.1,-162.485,-345.512,2015.07,-84.564,-733.931,2072.23,-77.5566,-1107.79,2074.89,45.4222,-336.564,2025.6,46.3438,-735.737,2025.77,46.3438,-1111.99,2025.77,-307.42,-402.364,2057.25,230.429,-404.377,1986.17,-70.0464,163.038,1860.93
2019-06-06-10-51-26-680,15,-88.7995,257.959,1806.56,-69.0471,87.4652,1887.69,-228.281,84.4819,1916.87,-282.709,-154.473,2063.42,-312.876,-448.88,2055.21,96.3829,87.3955,1883.19,179.178,-161.635,1995.73,239.742,-451.379,1985.46,-64.6309,-124.882,1960.32,-57.7547,-300.252,1980.09,-162.342,-345.687,2015.23,-161.63,-744.928,2015.39,-161.63,-1121.03,2015.39,46.215,-336.618,2026.1,47.2882,-735.815,2026.4,47.2882,-1111.92,2026.4,-307.848,-399.812,2056.58,229.65,-403.088,1987.17,-70.6306,163.587,1861.66
2019-06-06-10-51-27-019,15,-88.9952,261.35,1810.3,-68.9882,88.0749,1888.33,-228.076,84.6492,1918.47,-283.691,-152.681,2065.59,-313.287,-446.352,2054.73,96.6412,88.358,1884.19,178.636,-160.742,1995.05,238.619,-449.871,1985.77,-64.1669,-124.477,1960.68,-56.9764,-299.822,1980.08,-161.943,-345.704,2015.45,-161.331,-744.843,2015.62,-161.331,-1120.83,2015.62,47.2785,-336.691,2026.68,48.2652,-735.924,2027.06,48.2652,-1111.92,2027.06,-308.354,-397.407,2056.54,228.623,-401.683,1987.32,-70.7163,164.233,1862.4
2019-06-06-10-51-27-340,15,0,0,0,0,0,0,0,0,0,0,0,0,0,0,0,0,0,0,0,0,0,0,0,0,0,0,0,0,0,0,0,0,0,0,0,0,0,0,0,0,0,0,0,0,0,0,0,0,0,0,0,0,0,0,0,0,0
2019-06-06-10-51-27-632,174,-81.3833,273.673,1809.66,-62.8257,84.5214,1895.21,-228.988,80.0846,1928,-282.89,-176.706,2065.32,-327.276,-482.749,2041.41,108.001,81.069,1892.39,179.533,-188.128,1992.99,237.133,-492.39,1975.35,-56.6166,-141.743,1967.16,-51.3604,-347.908,1977.85,-159.355,-366.53,2026.76,-159.355,-789.621,2026.76,-159.355,-1187.6,2026.76,57.6407,-354.188,2029.12,-54.1566,-762.134,2019.74,-54.1566,-1160.11,2019.74,-319.878,-431.742,2045.39,227.533,-441.679,1978.29,-65.0552,165.766,1869.37
2019-06-06-10-51-27-963,174,-81.2481,273.692,1809.22,-62.9492,84.5714,1894.81,-229.158,80.032,1926.76,-282.613,-175.765,2066.47,-326.86,-481.962,2044.73,107.922,80.8321,1891.78,179.909,-188.194,1993.17,236.722,-492.633,1976.2,-57.2419,-141.661,1966.51,-51.9548,-347.788,1977.81,-159.87,-365.693,2026.7,-162.443,-784.603,2026.38,-162.443,-1182.58,2026.38,56.9563,-353.318,2029.02,-52.256,-761.941,2021.2,-42.7113,-1158.95,2028.51,-319.485,-430.928,2048.36,227.253,-441.893,1979.03,-64.9992,165.845,1869.06
2019-06-06-10-51-28-305,174,-80.8076,273.653,1807.76,-63.2283,84.6876,1893.59,-229.22,79.8842,1924.33,-281.706,-174.442,2068.66,-327.373,-480.671,2051.41,107.842,80.449,1890.22,181.463,-188.332,1993.46,236.554,-493.16,1978.16,-58.8455,-141.309,1964.39,-53.5205,-347.296,1977.72,-160.998,-364.114,2026.33,-163.195,-784.128,2025.63,-163.195,-1182.11,2025.63,55.0934,-351.642,2028.4,-42.9881,-762.809,2025.28,-24.8139,-1162.47,2033.24,-319.762,-429.631,2054.28,227.372,-442.355,1980.71,-64.8045,166.053,1868.1
2019-06-06-10-51-28-646,174,-80.1397,273.578,1805.84,-63.5044,84.8415,1892.04,-229.121,79.8917,1921.91,-280.659,-173.195,2071.63,-331.206,-478.791,2057.2,107.931,80.0773,1887.88,183.32,-188.729,1993.84,238.292,-493.63,1979.39,-60.781,-140.56,1961.73,-55.4742,-346.347,1977.79,-162.206,-362.614,2025.91,-163.345,-784.327,2025.49,-163.345,-1182.31,2025.49,52.7261,-349.828,2027.56,-18.0206,-765.568,2037.25,8.74262,-1166.48,2050.01,-322.782,-427.857,2059.61,229.13,-442.813,1981.8,-64.4861,166.31,1866.86
2019-06-06-10-51-28-975,174,-79.7712,273.532,1804.43,-63.7163,84.9722,1890.92,-229.033,80.0153,1920.33,-280.716,-172.749,2073.58,-333.929,-478.001,2060.6,107.881,79.5112,1885.39,184.268,-189.521,1994.23,236.775,-494.888,1980.5,-62.161,-139.658,1959.88,-56.9128,-345.283,1978.03,-162.76,-361.713,2026.16,-162.971,-784.356,2026.49,-162.971,-1182.33,2026.49,50.9434,-348.654,2026.99,22.3473,-764.453,2077.47,55.4162,-1160.35,2112,-325.06,-427.125,2062.76,228.023,-443.994,1982.79,-64.2791,166.496,1865.9
2019-06-06-10-51-29-306,174,-79.7438,273.466,1803.69,-63.8594,85.0514,1890.4,-228.993,80.1886,1919.6,-280.782,-173.093,2074.57,-335.515,-478.123,2062.03,107.663,79.1078,1884.43,184.311,-190.764,1994.64,235.1,-496.422,1980.83,-62.9058,-138.867,1958.94,-57.7161,-344.389,1978.35,-162.764,-361.295,2026.85,-162.544,-784.329,2027.45,-162.544,-1182.3,2027.45,49.8969,-348.095,2026.73,63.8091,-741.766,2160.42,92.4441,-1117.33,2224.78,-326.393,-427.284,2064.12,226.635,-445.479,1983.13,-64.2065,166.598,1865.44
2019-06-06-10-51-29-643,174,-79.9141,273.385,1803.39,-63.9523,85.0907,1890.25,-228.975,80.3917,1919.34,-280.927,-173.453,2075.33,-336.442,-478.324,2062.24,107.318,78.7973,1884.4,183.791,-192.115,1994.96,233.49,-497.929,1980.67,-63.239,-138.25,1958.54,-58.0924,-343.704,1978.69,-162.482,-361.036,2027.78,-162.132,-784.103,2028.48,-162.132,-1182.06,2028.48,49.3937,-347.879,2026.61,98.3578,-689.968,2254.75,117.748,-1043.75,2319.24,-327.189,-427.512,2064.42,225.207,-446.96,1983.05,-64.2135,166.643,1865.31
2019-06-06-10-51-29-974,174,-80.1814,273.292,1803.34,-64.0162,85.1451,1890.43,-228.762,80.7057,1920.04,-281.05,-173.882,2076.07,-336.751,-478.678,2062.19,106.916,78.5854,1884.85,183.04,-193.313,1995.16,233.022,-499.044,1980.25,-63.3548,-137.655,1958.91,-58.2374,-343.108,1979.03,-162.123,-360.85,2028.77,-161.804,-783.891,2029.43,-161.804,-1181.84,2029.43,49.2188,-347.826,2026.61,121.18,-619.824,2333.57,129.652,-966.144,2378.84,-327.468,-427.879,2064.5,224.692,-448.089,1982.73,-64.259,166.659,1865.38
2019-06-06-10-51-30-301,174,-80.4834,273.173,1803.4,-64.0634,85.2222,1890.86,-228.259,81.0595,1921.83,-281.118,-174.269,2077.32,-336.77,-479.003,2062.29,106.619,78.5989,1885.5,182.737,-194.021,1995.25,234.189,-499.467,1979.86,-63.3732,-137.075,1959.86,-58.275,-342.566,1979.48,-161.589,-360.581,2030.37,-161.181,-783.483,2031.5,-161.181,-1181.41,2031.5,49.2979,-347.772,2026.71,49.5311,-770.848,2026.84,49.5311,-1168.77,2026.84,-327.495,-428.214,2064.8,225.614,-448.559,1982.42,-64.3171,166.662,1865.58
2019-06-06-10-51-30-625,174,-80.779,273.026,1803.61,-64.0812,85.3361,1891.59,-227.027,81.7228,1926.19,-281.141,-174.702,2079.57,-336.709,-479.318,2062.45,106.443,78.7264,1886.18,182.823,-194.145,1995.36,235.592,-499.328,1979.56,-63.3209,-136.466,1961.51,-58.2671,-342.04,1980.08,-160.852,-360.246,2032.74,-160.325,-783.055,2034.41,-160.325,-1180.96,2034.41,49.5672,-347.724,2026.98,49.8671,-770.743,2027.21,49.8671,-1168.64,2027.21,-327.447,-428.549,2065.31,226.797,-448.464,1982.19,-64.3605,166.66,1865.96
2019-06-06-10-51-30-945,174,-81.0957,273.125,1804.41,-64.0711,85.5024,1892.63,-225.757,82.3697,1930.64,-280.956,-174.429,2082.9,-336.52,-478.799,2062.33,106.366,78.8895,1886.82,183.211,-193.956,1995.58,236.715,-498.957,1979.14,-63.2122,-135.778,1963.91,-58.212,-341.488,1980.7,-160.642,-360.11,2034,-160.623,-783.062,2034.54,-160.623,-1180.93,2034.54,49.9228,-347.611,2027.29,50.2211,-770.521,2027.51,50.2211,-1168.39,2027.51,-327.259,-428.071,2065.76,227.797,-448.124,1981.88,-64.3864,166.658,1866.49
2019-06-06-10-51-31-271,174,-81.4498,273.588,1805.96,-64.0455,85.6981,1893.83,-225.261,82.5992,1932.68,-280.538,-173.19,2087.13,-335.886,-477.278,2062.63,106.358,79.0468,1887.35,184.003,-193.922,1995.99,236.399,-499.018,1978.31,-63.0806,-135.093,1966.71,-58.1364,-340.948,1981.36,-160.724,-360.095,2034.58,-160.905,-783.085,2034.64,-160.905,-1180.92,2034.64,50.2769,-347.473,2027.65,50.5238,-770.326,2027.9,50.5238,-1168.16,2027.9,-326.662,-426.597,2066.72,227.667,-448.169,1981.26,-64.3995,166.657,1867.11
2019-06-06-10-51-31-592,174,-81.8814,274.511,1808.42,-64.0123,85.9026,1895.07,-225.223,82.583,1933.31,-280.292,-172.903,2089.23,-335.352,-476.975,2064.07,106.394,79.1881,1887.83,184.622,-194.341,1995.91,235.542,-499.602,1977.31,-62.941,-134.469,1969.59,-58.0551,-340.454,1982,-160.939,-360.139,2034.81,-161.164,-783.104,2034.69,-161.164,-1180.9,2034.69,50.6352,-347.427,2027.91,50.861,-770.317,2028.04,50.861,-1168.11,2028.04,-326.176,-426.296,2068.26,227.056,-448.725,1980.41,-64.405,166.656,1867.76
2019-06-06-10-51-31-922,174,-82.4125,275.802,1811.69,-63.9734,86.0353,1896.08,-225.412,82.4504,1933.27,-280.134,-173.184,2090.12,-335.25,-477.224,2065.05,106.455,79.3067,1888.28,185.122,-195.028,1995.52,234.144,-500.511,1976.06,-62.7904,-134.159,1971.66,-57.9648,-340.209,1982.68,-161.189,-360.186,2034.85,-161.391,-783.081,2034.71,-161.391,-1180.83,2034.71,50.982,-347.403,2028.08,51.1853,-770.25,2028.15,51.1853,-1168,2028.15,-326.064,-426.55,2069.23,225.973,-449.597,1979.3,-64.4066,166.656,1868.4
2019-06-06-10-51-32-243,174,-82.9323,276.894,1814.67,-63.9284,86.0958,1896.85,-225.689,82.2731,1932.95,-279.98,-173.869,2090.38,-335.372,-477.961,2067.16,106.57,79.3874,1888.22,185.553,-195.761,1994.97,232.582,-501.462,1974.61,-62.621,-134.124,1972.9,-57.863,-340.184,1983.38,-161.396,-360.241,2034.85,-161.532,-783.075,2034.74,-161.532,-1180.77,2034.74,51.2997,-347.384,2028.22,51.4731,-770.173,2028.27,51.4731,-1167.87,2028.27,-326.14,-427.279,2071.03,224.744,-450.511,1978,-64.4065,166.655,1869.03
2019-06-06-10-51-32-572,174,-83.3594,277.308,1816.27,-63.8767,86.1084,1897.46,-225.99,82.1022,1932.55,-279.855,-174.749,2090.39,-335.663,-478.903,2069.76,106.672,79.3983,1887.92,185.966,-196.583,1994.37,231.778,-502.402,1973.6,-62.4281,-134.251,1973.57,-57.7504,-340.278,1984.18,-161.585,-360.293,2034.86,-161.695,-783.058,2034.82,-161.695,-1180.7,2034.82,51.6162,-347.376,2028.36,51.791,-770.108,2028.43,51.791,-1167.75,2028.43,-326.361,-428.211,2073.2,224.142,-451.432,1977.06,-64.4061,166.655,1869.64
2019-06-06-10-51-32-904,174,-83.7189,277.255,1816.91,-63.8233,86.0939,1897.97,-226.271,81.9529,1932.18,-279.883,-175.469,2090.48,-335.899,-479.603,2070.74,106.749,79.3741,1887.55,186.165,-197.228,1994.24,231.516,-503.079,1973.57,-62.2288,-134.453,1973.91,-57.6339,-340.424,1985.01,-161.738,-360.343,2034.88,-161.815,-783.037,2034.88,-161.815,-1180.62,2034.88,51.938,-347.361,2028.44,52.1181,-770.018,2028.46,52.1181,-1167.6,2028.46,-326.563,-428.914,2074.03,223.957,-452.104,1977.02,-64.4057,166.655,1870.24
2019-06-06-10-51-33-219,174,-84.0276,276.964,1817.07,-63.7692,86.0665,1898.45,-226.457,81.859,1932.1,-279.82,-176.143,2090.61,-336.13,-480.163,2070.7,106.781,79.3551,1887.51,186.257,-197.783,1994.36,231.512,-503.608,1973.85,-62.0264,-134.677,1974.09,-57.5164,-340.575,1985.9,-161.88,-360.389,2034.92,-39.486,-764.464,2053.11,-39.486,-1161.98,2053.11,52.2639,-347.332,2028.5,52.4476,-769.905,2028.52,52.4476,-1167.42,2028.52,-326.745,-429.493,2074.02,223.97,-452.637,1977.27,-64.4056,166.655,1870.83
2019-06-06-10-51-33-551,174,-84.3007,276.581,1817.03,-63.7158,86.0351,1898.89,-226.617,81.7808,1932.08,-279.696,-176.719,2090.7,-336.332,-480.589,2070.23,106.796,79.3517,1887.66,186.334,-198.215,1994.58,231.588,-503.935,1973.34,-61.8257,-134.892,1974.19,-57.4001,-340.73,1986.44,-161.905,-360.387,2034.89,-161.88,-782.889,2034.85,-161.88,-1180.33,2034.85,52.4946,-347.264,2028.47,52.5964,-769.73,2028.42,52.5964,-1167.17,2028.42,-326.892,-429.944,2073.64,224.045,-452.982,1976.88,-64.4056,166.655,1871.42
2019-06-06-10-51-33-880,174,-84.548,276.174,1816.94,-63.665,86.0042,1899.33,-226.765,81.7083,1932.07,-279.853,-177.17,2090.71,-336.379,-480.949,2069.49,106.802,79.3603,1887.92,186.448,-198.554,1994.8,231.662,-504.176,1972.93,-61.6347,-135.087,1974.26,-57.2878,-340.877,1986.7,-161.844,-360.354,2034.81,-161.766,-782.754,2034.75,-161.766,-1180.12,2034.75,52.6068,-347.221,2028.48,52.6212,-769.631,2028.47,52.6212,-1166.99,2028.47,-326.958,-430.319,2073.03,224.126,-453.239,1976.57,-64.4057,166.655,1871.99
2019-06-06-10-51-34-211,174,-84.677,275.793,1816.84,-63.6093,85.9764,1899.74,-226.871,81.5945,1932.09,-280.17,-177.463,2090.73,-336.311,-481.192,2068.68,106.803,79.3769,1888.23,186.57,-198.759,1994.97,231.704,-504.312,1972.84,-61.4257,-135.257,1974.32,-57.1683,-341.006,1986.8,-161.756,-360.323,2034.67,-161.678,-782.646,2034.56,-161.678,-1179.93,2034.56,52.6399,-347.2,2028.59,52.6114,-769.544,2028.68,52.6114,-1166.83,2028.68,-326.954,-430.57,2072.36,224.181,-453.387,1976.53,-64.4057,166.655,1872.55
2019-06-06-10-51-34-541,174,-84.7018,275.511,1816.73,-63.5517,85.9636,1900.02,-226.924,81.4782,1932.08,-280.406,-177.632,2090.53,-336.231,-481.292,2067.68,106.791,79.3937,1888.53,186.603,-198.79,1995.06,231.787,-504.26,1972.81,-61.2095,-135.362,1974.36,-57.0458,-341.069,1986.81,-161.659,-360.321,2034.5,-161.586,-782.579,2034.38,-161.586,-1179.77,2034.38,52.622,-347.207,2028.82,52.5737,-769.477,2028.99,52.5737,-1166.67,2028.99,-326.927,-430.682,2071.49,224.256,-453.349,1976.52,-64.4057,166.655,1872.92
2019-06-06-10-51-34-878,174,-84.6711,275.32,1816.61,-63.4927,85.9651,1900.16,-226.932,81.373,1932.02,-280.59,-177.711,2089.89,-336.148,-481.315,2066.57,106.79,79.4017,1888.5,186.524,-198.502,1994.98,231.847,-503.899,1972.97,-60.988,-135.409,1974.36,-56.9195,-341.074,1986.79,-161.578,-360.359,2034.26,-161.529,-782.553,2034.1,-161.529,-1179.66,2034.1,52.6269,-347.24,2028.99,52.6174,-769.429,2029.1,52.6174,-1166.53,2029.1,-326.888,-430.714,2070.46,224.293,-452.999,1976.64,-64.4056,166.655,1873.12
2019-06-06-10-51-35-223,174,-84.4843,274.51,1815.17,-63.4325,85.9635,1900.17,-227.117,81.1569,1931.19,-280.727,-177.582,2088.4,-335.99,-481.189,2065.38,106.797,79.4038,1888.23,186.352,-197.846,1994.71,231.817,-503.19,1973.3,-60.7623,-135.463,1974.19,-56.7881,-341.071,1986.77,-161.564,-360.448,2033.83,-161.574,-782.576,2033.51,-161.574,-1179.58,2033.51,52.7273,-347.306,2028.92,52.805,-769.415,2028.81,52.805,-1166.42,2028.81,-326.779,-430.587,2069.22,224.24,-452.3,1976.86,-64.4055,166.655,1873.19
2019-06-06-10-51-35-552,174,-83.9432,272.539,1811.63,-63.369,85.9171,1899.97,-227.528,80.7944,1929.4,-280.848,-177.309,2085.54,-335.486,-481.124,2065.09,106.808,79.4039,1887.85,186.13,-196.758,1994.07,231.42,-502.139,1973.98,-60.527,-135.659,1973.42,-56.6093,-341.166,1986.8,-161.614,-360.596,2033.06,-161.669,-782.655,2032.49,-161.669,-1179.56,2032.49,52.8869,-347.411,2028.72,53.0042,-769.437,2028.55,53.0042,-1166.34,2028.55,-326.38,-430.488,2068.5,223.872,-451.242,1977.33,-64.4047,166.655,1873.2
