2019-06-10-11-27-00-033,223,-160.914,393.285,3128.17,-172.025,214.525,3167.88,-315.232,204.07,3126.12,-365.451,-19.1057,3119.21,-363.948,-295.229,3045.5,-26.0988,202.246,3198.66,10.713,-22.4428,3221.61,43.7118,-294.801,3141.54,-184.438,-8.30964,3211.18,-191.802,-176.47,3208.71,-296.605,-206.654,3208.1,-253.128,-574.092,3176.31,-246.196,-924.4,3300.44,-93.0058,-213.027,3235.66,-108.379,-582.593,3202.55,-121.277,-933.604,3324.19,-364.199,-249.209,3057.78,38.2122,-249.408,3154.88,-167.938,287.899,3153.63,2,2,2,2,2,2,2,2,2,2,2,2,2,2,2,2,2,2,2
2019-06-10-11-27-00-178,223,-160.821,393.357,3128.16,-172.172,214.467,3167.71,-314.891,204.248,3124.12,-365.442,-18.9885,3118.63,-363.191,-294.107,3046.83,-26.3948,202.339,3198.58,13.3999,-21.7528,3223.26,90.1392,-283.435,3154.94,-184.673,-8.42521,3210.9,-191.966,-176.77,3208.65,-296.42,-206.626,3208.05,-253.004,-574.018,3175.66,-246.299,-925.475,3299.65,-93.4549,-212.937,3235.6,-108.255,-582.457,3201.73,-121.306,-934.333,3324.02,-363.567,-248.254,3058.8,77.3681,-239.816,3166.33,-168.057,287.845,3153.49,2,2,2,2,2,2,2,2,2,2,2,2,2,2,2,2,2,2,2
2019-06-10-11-27-00-319,223,-160.726,393.464,3128.16,-172.569,214.48,3167.55,-314.812,204.472,3123.26,-366.159,-20.9675,3118.08,-363.013,-297.091,3047.96,-26.6928,202.419,3198.5,45.2371,-13.9718,3222.76,190.829,-240.824,3162.87,-185.872,-8.01308,3210.6,-193.787,-176.652,3208.6,-297.583,-206.747,3207.95,-252.804,-573.91,3174.85,-246.411,-926.432,3298.54,-95.7581,-212.551,3235.23,-107.862,-582.133,3201.04,-121.37,-934.858,3323.57,-363.537,-251.071,3059.65,166.586,-203.005,3172.85,-168.182,287.846,3153.35,2,2,2,2,2,2,2,2,2,2,2,2,2,2,2,2,2,2,2
2019-06-10-11-27-00-459,223,-160.649,393.586,3128.16,-173.294,214.542,3167.37,-314.916,204.722,3123.02,-367.601,-24.748,3117.51,-363.616,-302.611,3050.02,-26.9282,202.559,3198.41,96.0394,9.19001,3219.58,314.163,-141.296,3163.4,-188.338,-6.72428,3210.27,-197.899,-175.805,3208.54,-300.36,-207.069,3207.83,-252.722,-573.811,3174.14,-246.5,-927.091,3297.69,-100.818,-211.783,3234.61,-106.985,-581.538,3201.03,-121.551,-935.129,3322.97,-364.28,-256.301,3061.27,277.816,-116.21,3172.76,-168.306,287.865,3153.15,2,2,2,2,2,2,2,2,2,2,2,2,2,2,2,2,2,2,2
2019-06-10-11-27-00-600,223,-160.585,393.792,3128.2,-174.153,214.655,3166.99,-315.254,204.922,3123.05,-369.263,-27.5758,3117.55,-364.793,-307.966,3053.97,-26.6896,203.342,3198.12,153.536,62.4348,3207.06,417.816,7.58247,3162.92,-191.283,-4.55314,3210.13,-202.089,-174.308,3208.51,-303.111,-207.028,3207.83,-252.913,-573.403,3173.86,-246.547,-927.019,3297.75,-106.279,-211.314,3234.3,-106.097,-581.142,3201.02,-121.793,-935.413,3322.17,-365.538,-261.235,3064.57,373.776,16.7517,3170.27,-168.426,287.883,3152.58,2,2,2,2,2,2,2,2,2,2,2,2,2,2,2,2,2,2,2
2019-06-10-11-27-00-742,223,-160.566,394.063,3128.34,-174.81,214.78,3166.48,-315.848,205.061,3123.14,-371.412,-29.5218,3117.88,-366.309,-310.275,3059.97,-22.4831,208.957,3194.03,198.041,143.643,3186.63,470.593,188.061,3165.28,-193.478,-2.04023,3210.08,-205.028,-172.518,3208.47,-304.908,-206.087,3207.88,-253.477,-572.277,3173.7,-246.622,-925.99,3298.12,-110.715,-211.342,3234.4,-105.323,-581.128,3200.87,-122.055,-935.878,3321.34,-367.159,-263.482,3069.62,425.152,180.715,3168.83,-168.51,287.904,3151.77,2,2,2,2,2,2,2,2,2,2,2,2,2,2,2,2,2,2,2
2019-06-10-11-27-00-883,223,-161.342,395.586,3128.57,-175.21,215.928,3165.17,-317.515,208.48,3123.29,-373.971,-27.618,3118.03,-368.405,-309.4,3060.7,-17.035,218.433,3186.66,211.415,248.415,3167.52,458.202,384.687,3142.48,-194.749,0.989155,3209.69,-206.672,-170.15,3208.46,-305.908,-205.009,3207.95,-254.069,-571.088,3173.18,-246.749,-925.11,3297.21,-113.485,-211.305,3234.47,-104.822,-581.03,3200.69,-122.206,-936.243,3320.22,-369.333,-262.436,3070.25,417.062,361.957,3146.66,-168.572,288.939,3150.05,2,2,2,2,2,2,2,2,2,2,2,2,2,2,2,2,2,2,2
2019-06-10-11-27-01-022,223,-161.988,399.236,3128.93,-175.386,219.079,3162.95,-318.662,213.492,3123.24,-377.644,-23.8102,3118.17,-370.544,-307.456,3062.76,-11.2334,233.727,3178.04,199.657,339.083,3138.28,386.433,550.92,3093.91,-195.294,5.13496,3208.98,-207.377,-166.536,3208.46,-305.966,-204.155,3208.06,-254.612,-570.247,3172.73,-246.922,-924.975,3295.04,-114.976,-210.551,3234.17,-104.564,-580.242,3200.38,-122.259,-935.922,3318.85,-371.728,-260.182,3072,355.341,515.542,3101.31,-168.606,291.958,3147.27,2,2,2,2,2,2,2,2,2,2,2,2,2,2,2,2,2,2,2
2019-06-10-11-27-01-166,223,-162.247,404.057,3128.9,-175.465,223.494,3160.1,-317.92,216.746,3123.25,-379.24,-21.0013,3118.45,-372.342,-305.785,3065.03,-7.27153,248.108,3167.91,151.895,416.713,3101.33,275.962,674.28,3047.86,-195.567,10.0291,3208.46,-207.672,-162.025,3208.47,-305.254,-202.107,3208.21,-255.167,-568.186,3171.04,-247.205,-923.074,3293.44,-116.123,-208.301,3233.55,-104.421,-577.976,3200.01,-122.195,-934.115,3317.66,-373.492,-258.321,3073.94,255.315,631.311,3056.77,-168.621,296.193,3143.64,2,2,2,2,2,2,2,2,2,2,2,2,2,2,2,2,2,2,2
2019-06-10-11-27-01-305,223,-157.355,407.982,3127.37,-175.484,227.862,3157.28,-315.653,217.972,3123.04,-380.132,-19.63,3118.45,-372.081,-305.32,3065.27,-3.65175,289.482,3140.43,81.4024,499.551,3054.83,121.183,780.519,2992.39,-195.657,15.0114,3209.57,-208.26,-157.158,3208.33,-304.602,-192.193,3208.2,-256.781,-558.531,3170.62,-247.686,-914.843,3289.97,-118.033,-200.639,3232.31,-104.379,-570.34,3199.88,-122.066,-927.615,3315.35,-373.423,-257.704,3074.13,114.58,733.678,3002.79,-168.626,300.246,3139.51,2,2,2,2,2,2,2,2,2,2,2,2,2,2,2,2,2,2,2
2019-06-10-11-27-01-444,223,-149.685,409.286,3123.06,-175.438,231.756,3154.54,-313.833,217.353,3122.42,-382.611,-19.5303,3118.29,-369.977,-303.73,3067.19,-0.858812,306.148,3126.43,2.33329,526.17,3022.74,-28.0572,804.279,2944.66,-195.593,19.6463,3214.52,-208.897,-152.509,3206.5,-303.138,-173.447,3207.75,-259.623,-540.562,3171.45,-248.396,-899.857,3284.68,-116.797,-180.148,3230.31,-105.055,-550.182,3199.68,-121.253,-910.324,3309.61,-372.082,-256.363,3075.71,-22.9637,757.938,2957.68,-168.626,303.465,3134.28,2,2,2,2,2,2,2,2,2,2,2,2,2,2,2,2,2,2,2
2019-06-10-11-27-01-585,223,-147.482,409.683,3114.92,-175.019,233.605,3152.36,-312.604,218.004,3122.09,-383.134,-18.7624,3118.69,-367.612,-300.624,3070.05,-9.60699,274.636,3144.05,-62.5741,472.256,3007.28,-144.785,729.936,2906.17,-194.177,20.739,3220.32,-209.53,-150.306,3200.87,-296.978,-163.79,3206.62,-260.817,-531.612,3172.43,-248.964,-891.138,3281.79,-116.666,-165.507,3224.64,-105.434,-535.609,3198.1,-120.575,-895.751,3305.02,-370.199,-253.647,3078.16,-131.062,687.023,2923.02,-168.625,304.635,3129.72,2,2,2,2,2,2,2,2,2,2,2,2,2,2,2,2,2,2,2
2019-06-10-11-27-01-733,223,-153.717,407.696,3105.13,-174.581,232.111,3150.06,-308.998,212.076,3121.88,-383.053,-23.9006,3121.66,-363.743,-302.07,3069.17,-25.1303,236.049,3153.52,-116.05,392.205,2984.62,-256.89,616.281,2879.36,-192.524,19.215,3222.28,-208.517,-151.06,3195.7,-292.985,-163.673,3204.81,-261.105,-530.854,3172.75,-249.833,-890.754,3281.77,-115.571,-163.77,3215.75,-105.68,-533.015,3195.37,-120.391,-892.868,3304.1,-366.962,-255.709,3077.92,-233.434,578.957,2896.91,-168.624,302.771,3126.1,2,2,2,2,2,2,2,2,2,2,2,2,2,2,2,2,2,2,2
2019-06-10-11-27-01-871,223,-162.072,406.891,3105.05,-174.177,229.694,3146.62,-307.198,209.035,3124.36,-377.829,-28.2057,3124.81,-360.14,-303.391,3068.88,-34.65,214.643,3159.14,-163.5,312.312,2973.18,-364.805,475.271,2871.61,-190.925,16.0529,3217.71,-206.103,-154.548,3192.49,-294.798,-166.184,3202.55,-261.021,-532.004,3173.12,-250.207,-892.708,3282.56,-112.971,-168.933,3217.88,-105.805,-536.563,3193.28,-120.487,-896.35,3305.18,-363.088,-257.527,3078.2,-331.297,448.103,2888.54,-168.624,300.526,3123.04,2,2,2,2,2,2,2,2,2,2,2,2,2,2,2,2,2,2,2
2019-06-10-11-27-02-012,223,-167.975,407.808,3113.8,-173.716,227.956,3140.99,-307.066,209.803,3119.65,-364.33,-30.7527,3126.13,-361.125,-303.91,3068.88,-38.9559,205.778,3158.51,-191.535,235.53,2967.73,-438.099,313.746,2881.69,-189.061,12.5918,3206.02,-203.154,-158.874,3191.29,-299.134,-174.767,3201.5,-260.047,-539.806,3172.97,-250.133,-900.7,3285.14,-110.185,-185.865,3218.25,-105.812,-553.109,3191.41,-121.118,-911.498,3310.53,-361.659,-258.384,3078.42,-397.055,300.649,2896.03,-168.624,299.426,3119.41,2,2,2,2,2,2,2,2,2,2,2,2,2,2,2,2,2,2,2
2019-06-10-11-27-02-150,223,-169.173,406.589,3127.54,-173.299,226.802,3135.21,-307.161,211.768,3117.24,-364.039,-30.3581,3119.71,-361.461,-303.568,3070.34,-39.493,204.321,3153.11,-188.582,153.9,2964.87,-453.94,148.575,2899.17,-187.365,9.75516,3193.18,-200.213,-162.148,3190.72,-301.11,-192.925,3201.74,-257.762,-557.75,3173.25,-249.893,-917.973,3290.49,-107.206,-206.255,3219.62,-106.01,-573.528,3189.46,-121.973,-929.675,3317.57,-361.89,-258.033,3078.57,-409.734,149.385,2910.12,-168.624,298.946,3115.94,2,2,2,2,2,2,2,2,2,2,2,2,2,2,2,2,2,2,2
2019-06-10-11-27-02-289,223,-166.522,403.973,3140.25,-173.013,226.11,3130.95,-306.886,214.06,3119.91,-364.133,-28.5871,3118.86,-361.095,-285.175,3025.87,-38.0109,204.93,3137.16,-159.078,76.9668,2967.5,-415.008,-6.87517,2908.72,-186.197,7.90868,3183.29,-198.079,-163.971,3189.91,-302.416,-207.387,3202.02,-255.938,-572.428,3175.37,-249.715,-931.124,3293.45,-102.715,-215.537,3221.86,-106.716,-582.933,3188.35,-122.231,-936.698,3319.66,-361.594,-242.426,3041.37,-372.351,7.07284,2918.52,-168.625,298.753,3113.53,2,2,2,2,2,2,2,2,2,2,2,2,2,2,2,2,2,2,2
2019-06-10-11-27-02-427,223,-162.979,401.789,3147.73,-172.893,225.667,3128.19,-306.288,216.473,3126.84,-364.525,-25.913,3119.27,-361.499,-287.072,3038.31,-38.6937,204.752,3112.76,-94.2204,8.55575,2988.78,-309.315,-145.558,2915.1,-185.797,5.03072,3176.65,-197.031,-166.482,3189.26,-302.781,-213.651,3202.13,-255.365,-579.289,3179,-249.651,-937.187,3292.73,-100.05,-220.362,3220.71,-107.191,-588.307,3188.51,-122.389,-939.899,3319.8,-361.999,-243.555,3051.8,-273.494,-119.83,2927.38,-168.626,298.654,3112.16,2,2,2,2,2,2,2,2,2,2,2,2,2,2,2,2,2,2,2
2019-06-10-11-27-02-564,223,-161.795,401.251,3146.77,-173.287,224.689,3127.15,-307.385,217.898,3128.6,-364.786,-25.0125,3118.23,-362.176,-292.802,3070.22,-41.7365,200.639,3103.03,-36.6948,-32.9843,3043.53,-129.515,-256.248,2964.16,-185.887,3.02116,3174.66,-196.659,-168.377,3189.1,-302.237,-216.644,3202.06,-255.777,-582.938,3180.75,-249.503,-940.573,3293.4,-98.6905,-222.865,3216.72,-107.554,-591.574,3189.63,-122.722,-942.642,3320.7,-362.604,-248.177,3078.22,-114.075,-219.004,2977.39,-169.134,297.773,3111.49,2,2,2,2,2,2,2,2,2,2,2,2,2,2,2,2,2,2,2
2019-06-10-11-27-02-703,223,-162.982,402.269,3134.86,-174.229,223.208,3127.11,-309.936,218.238,3121.34,-365.245,-26.811,3116.33,-363.747,-298.328,3083.04,-42.5966,199.4,3113.77,23.6089,-39.0965,3115.46,80.2165,-269.535,3059.6,-186.614,2.25912,3175.42,-196.829,-169.616,3189.25,-301.686,-217.224,3201.91,-256.25,-583.972,3180.43,-249.423,-941.336,3294.63,-99.1532,-223.114,3216.66,-107.665,-592.198,3189.77,-123.158,-943.246,3321.47,-363.993,-253.078,3088.58,70.902,-231.079,3068.91,-170.136,296.23,3111.15,2,2,2,2,2,2,2,2,2,2,2,2,2,2,2,2,2,2,2
2019-06-10-11-27-02-841,223,-165.621,401.786,3115.91,-175.7,221.283,3127.51,-312.918,218.105,3107.28,-366.356,-27.7065,3109.69,-366.365,-300.106,3077.42,-43.0616,201.506,3134.01,90.0229,-10.3831,3158.78,258.832,-202.357,3135.86,-188.665,2.26171,3177.38,-197.935,-170.839,3189.55,-302.006,-216.797,3200.91,-256.783,-583.757,3178.29,-249.85,-941.061,3294.36,-100.81,-222.508,3217.52,-107.664,-591.822,3189.78,-123.613,-943.562,3321.02,-366.363,-254.707,3082.8,230.822,-170.261,3139.68,-171.386,294.145,3110.91,2,2,2,2,2,2,2,2,2,2,2,2,2,2,2,2,2,2,2
2019-06-10-11-27-02-981,223,-168.462,399.624,3099.74,-177.386,219.414,3128.02,-315.47,216.935,3095.55,-368.525,-26.7976,3096.32,-370.485,-298.965,3061.99,-41.5769,207.928,3152.14,150.593,54.5834,3181.66,394.438,-43.6858,3165.35,-191.411,2.67214,3179.66,-199.475,-172.194,3189.86,-302.956,-215.855,3198.25,-257.289,-582.857,3174.13,-250.778,-939.69,3293.41,-102.675,-221.743,3217.58,-107.699,-591.297,3190.01,-124.14,-943.825,3320.65,-370.157,-253.603,3067.71,353.815,-27.2596,3168.06,-172.681,292.079,3110.7,2,2,2,2,2,2,2,2,2,2,2,2,2,2,2,2,2,2,2
2019-06-10-11-27-03-120,223,-171.397,397.756,3090.46,-178.683,218.137,3128.45,-317.693,215.501,3089.53,-372.991,-24.7896,3085.51,-374.309,-295.919,3041.33,-36.3423,218.03,3160.22,193.408,149.283,3189.2,459.61,164.077,3167.02,-193.328,3.23124,3181.51,-200.935,-173.498,3190.12,-303.938,-214.734,3192.99,-257.763,-581.817,3168.77,-251.819,-936.861,3294.03,-104.441,-221.068,3217.06,-107.907,-590.867,3190.55,-124.344,-943.874,3320.64,-374.089,-250.729,3048.69,415.216,161.58,3170.72,-173.74,290.644,3110.55,2,2,2,2,2,2,2,2,2,2,2,2,2,2,2,2,2,2,2
2019-06-10-11-27-03-259,223,-173.163,396.936,3087.79,-179.434,217.426,3128.73,-319.492,214.177,3087.83,-379.068,-24.76,3078.2,-374.203,-295.457,3030.13,-31.3689,226.175,3162.6,204.751,255.62,3187.63,444.837,371.677,3142.08,-194.303,3.5587,3182.62,-201.922,-174.534,3190.32,-304.055,-213.303,3186.67,-258.41,-580.489,3161.31,-252.864,-932.745,3294.35,-106.055,-220.483,3216.2,-107.85,-590.495,3190.95,-124.452,-943.939,3320.04,-375.014,-250.34,3038.14,404.828,352.232,3149.67,-174.4,289.841,3110.48,2,2,2,2,2,2,2,2,2,2,2,2,2,2,2,2,2,2,2
2019-06-10-11-27-03-397,223,-173.932,396.892,3089.12,-179.659,217.101,3128.9,-320.887,212.97,3088.85,-381.987,-25.2495,3076.59,-373.123,-297.688,3027.28,-25.3799,234.922,3159.28,191.217,343.862,3159.81,361.595,543.354,3090.77,-194.235,3.53329,3183.32,-202.461,-174.941,3190.49,-303.342,-211.157,3182.46,-259.149,-578.375,3154.08,-254.089,-928.279,3293.34,-107.678,-219.598,3214.74,-107.637,-589.811,3191.14,-124.507,-943.738,3318.91,-374.601,-252.281,3035.5,333.253,510.012,3102.27,-174.72,289.474,3110.46,2,2,2,2,2,2,2,2,2,2,2,2,2,2,2,2,2,2,2
2019-06-10-11-27-03-537,223,-174.152,397.33,3093.16,-179.599,216.994,3129.04,-321.531,211.473,3093.05,-381.91,-24.4894,3078.14,-370.954,-297.293,3029.13,-19.2571,244.339,3150.51,142.069,413.468,3103.57,230.102,658.84,3017.29,-193.635,3.21946,3183.91,-202.838,-174.361,3190.52,-302.305,-207.271,3180.41,-259.6,-574.935,3154.84,-254.693,-925.93,3291.37,-109.703,-217.799,3212.68,-107.276,-588.209,3191.39,-124.522,-942.975,3316.76,-372.78,-251.826,3037.3,215.484,617.911,3031.67,-174.849,289.346,3110.47,2,2,2,2,2,2,2,2,2,2,2,2,2,2,2,2,2,2,2
2019-06-10-11-27-03-675,223,-169.533,397.381,3095.58,-179.228,217.126,3129.7,-320.826,209.693,3095.4,-380.578,-26.0052,3081.91,-366.536,-300.489,3030.29,-13.3462,281.336,3120.69,67.1039,480.671,3023.62,78.1847,748.116,2939.81,-192.149,2.81343,3186.77,-203.939,-172.636,3190.21,-302.069,-191.595,3179.15,-261.348,-559.993,3162.18,-254.937,-915.294,3286.22,-113.514,-209.123,3210.02,-106.802,-579.716,3192.44,-124.297,-936.05,3313.1,-368.876,-254.741,3038.89,76.3316,703.561,2953.78,-174.874,289.329,3110.48,2,2,2,2,2,2,2,2,2,2,2,2,2,2,2,2,2,2,2
2019-06-10-11-27-03-812,223,-162.763,396.888,3096.86,-178.614,217.519,3131.14,-320.307,208.038,3096.16,-375.276,-29.2075,3083.37,-362.738,-304.652,3035.95,-50.3938,349.725,3066.21,-28.032,537.347,2917.24,-102.819,783.405,2937.39,-189.863,2.0871,3193.1,-207.022,-172.304,3187.26,-299.869,-173.521,3178.49,-262.967,-543.713,3166.56,-255.102,-902.416,3281.31,-114.101,-188.628,3207.49,-106.958,-560.556,3193.52,-123.56,-919.523,3306.93,-364.828,-258.745,3043.86,-90.6566,742.188,2934.04,-174.859,289.351,3110.5,2,2,2,2,2,2,2,2,2,2,2,2,2,2,2,2,2,2,2
2019-06-10-11-27-03-949,223,-160.574,396.333,3094.23,-178.048,217.882,3132.39,-320.045,206.204,3096.43,-370.779,-32.8458,3087.04,-358.879,-307.87,3041.8,-65.6038,375.001,3032.23,-138.261,447.174,2847.47,-208.004,699.07,2924.4,-187.714,2.58351,3198.29,-209.195,-169.89,3184.12,-293.701,-170.449,3178.67,-263.19,-541.072,3168.66,-254.984,-901.389,3280.84,-115.944,-178.873,3204.36,-106.85,-550.673,3194.01,-123.087,-911.367,3304.19,-360.863,-262.033,3049.34,-196.429,656.971,2911.58,-174.836,289.377,3110.51,2,2,2,2,2,2,2,2,2,2,2,2,2,2,2,2,2,2,2
2019-06-10-11-27-04-086,223,-161.759,396.363,3093.11,-177.637,217.935,3132.6,-318.919,205.716,3101.47,-365.977,-34.9847,3097.3,-357.453,-308.198,3047.78,-47.4178,297.496,3081.93,-168.194,366.577,2891.2,-315.559,572.383,2888.28,-186.135,2.60591,3199.1,-209.096,-168.815,3183.91,-291.985,-173.903,3178.97,-261.789,-543.365,3169.51,-254.763,-904.209,3282.17,-115.024,-178.718,3203.12,-106.816,-549.342,3194.13,-122.925,-910.686,3304.24,-358.873,-262.663,3056.04,-290.683,538.148,2888.76,-174.817,289.394,3110.53,2,2,2,2,2,2,2,2,2,2,2,2,2,2,2,2,2,2,2
2019-06-10-11-27-04-223,223,-162.672,397.041,3099.65,-177.334,218.157,3131.79,-319.765,208.484,3111.33,-361.636,-33.8945,3108.89,-357.286,-305.029,3054.12,-83.2842,171.864,3182.75,-83.2842,-74.5749,3182.75,-83.2842,-396.164,3182.75,-184.95,2.27096,3195.78,-206.993,-169.042,3185.63,-295.032,-181.339,3179.53,-258.586,-549.667,3169.67,-254.651,-910.161,3284.48,-111.444,-186.249,3203.86,-106.932,-556.383,3193.87,-123.207,-917.33,3306.14,-358.01,-259.84,3063.25,-83.2842,-304.524,3182.75,-174.805,289.869,3110.53,2,2,2,2,2,0,0,0,2,2,2,2,2,2,2,2,2,0,2
2019-06-10-11-27-04-359,223,-162.804,397.034,3113.82,-177.094,218.472,3130.42,-319.435,210.603,3118.75,-355.592,-32.8749,3108,-358.582,-304.159,3059.58,-32.5203,212.006,3137.49,-32.5203,-34.8361,3137.49,-32.5203,-356.018,3137.49,-184,1.72538,3190.22,-203.976,-169.912,3187.12,-298.862,-193.453,3180.93,-253.874,-560.643,3169.33,-254.724,-919.845,3288.46,-107.54,-199.832,3205.6,-106.947,-569.814,3193.14,-123.823,-929.226,3310.43,-358.084,-258.945,3067.65,-32.5203,-264.159,3137.49,-174.797,290.574,3110.53,2,2,2,2,2,0,0,0,2,2,2,2,2,2,2,2,2,0,2
2019-06-10-11-27-04-494,223,-162.607,395.313,3128.83,-176.927,218.714,3129.17,-317.211,211.483,3127.03,-352.785,-30.4211,3097.11,-359.853,-303.933,3058.53,-34.6824,209.451,3124.95,-34.6824,-37.7132,3124.95,-34.6824,-360.94,3124.95,-183.332,1.2356,3185.04,-201.267,-170.747,3187.65,-301.46,-205.351,3183.86,-250.645,-571.819,3169.52,-254.898,-929.581,3292.35,-103.966,-211.238,3207.99,-106.966,-581.192,3192.55,-124.343,-938.974,3314.14,-358.676,-258.349,3064.96,-34.6824,-268.905,3124.95,-174.793,291.162,3110.56,2,2,2,2,2,0,0,0,2,2,2,2,2,2,2,2,2,0,2
2019-06-10-11-27-04-634,223,-162.183,392.899,3138.72,-176.823,218.765,3128.34,-313.661,210.984,3136.62,-352.416,-31.5046,3110.8,-360.212,-304.143,3056.8,-40.5662,201.261,3109.98,-40.5662,-46.1599,3109.98,-40.5662,-371.931,3109.98,-182.961,-0.870461,3181.62,-199.481,-172.839,3187.71,-302.906,-212.062,3189.48,-249.087,-578.069,3170.29,-255.07,-935.009,3294.82,-101.681,-217.454,3211.18,-106.447,-587.378,3191.98,-124.675,-944.028,3316.12,-358.913,-258.704,3065.8,-40.5662,-279.757,3109.98,-174.792,291.465,3110.7,2,2,2,2,2,0,0,0,2,2,2,2,2,2,2,2,2,0,2
2019-06-10-11-27-04-772,223,-161.572,392.413,3142.14,-176.78,218.784,3128.07,-311.315,209.467,3139.87,-354.368,-33.4288,3127.1,-359.6,-308.016,3069.59,-42.2078,200.189,3098.26,-42.2078,-47.4358,3098.26,-42.2078,-375.15,3098.26,-182.815,-2.20917,3179.98,-197.487,-174.111,3187.63,-301.912,-214.162,3197.27,-248.887,-580.072,3171.93,-255.052,-937.093,3296.01,-99.1499,-219.924,3211.58,-106.56,-589.962,3192.12,-124.716,-946.313,3316.94,-358.728,-262.252,3079.18,-42.2078,-282.864,3098.26,-174.791,291.616,3110.96,2,2,2,2,2,0,0,0,2,2,2,2,2,2,2,2,2,0,2
2019-06-10-11-27-04-908,223,-160.947,393.624,3139.54,-176.768,218.884,3128.84,-310.664,206.537,3134.12,-358.095,-36.2375,3128.18,-358.956,-315.328,3081.11,-44.0721,242.098,3109.92,-85.6038,147.713,3027.72,-155.366,98.4723,2973.11,-182.767,-2.04098,3181.39,-195.42,-173.919,3189.52,-299.276,-215.057,3206.47,-249.386,-581.128,3175.69,-255.076,-939.14,3295.98,-96.8949,-221.116,3212.85,-107.038,-591.203,3192.88,-124.727,-947.432,3317.28,-358.81,-268.814,3088.95,-143.744,107.175,2982.21,-174.791,291.668,3111.53,2,2,2,2,2,2,2,2,2,2,2,2,2,2,2,2,2,2,2
2019-06-10-11-27-05-045,223,-160.36,395.57,3132.27,-176.77,219.037,3130.23,-312.26,206.147,3125.3,-363.208,-35.8447,3112.21,-359.11,-318.41,3083.7,-43.3295,214.742,3135.58,-21.3497,29.8631,3119.26,13.9382,-146.505,3053.05,-182.766,-1.03419,3184.51,-194.331,-172.879,3193.08,-298.259,-216.071,3206.91,-249.736,-582.38,3175.12,-255.187,-939.797,3296.34,-96.1255,-221.849,3215.97,-107.414,-591.813,3192.68,-124.748,-947.575,3317.64,-359.788,-271.318,3088.45,8.05945,-116.918,3064.09,-174.792,291.671,3112.32,2,2,2,2,2,2,2,2,2,2,2,2,2,2,2,2,2,2,2
2019-06-10-11-27-05-181,223,-159.962,397.141,3124.3,-176.798,219.089,3131.42,-313.671,206.292,3111.95,-368.662,-35.7072,3100.66,-360.455,-319.644,3068.97,-42.9633,206.243,3155.8,48.7966,-5.20974,3169.81,192.036,-206.262,3121.44,-182.859,-0.219298,3186.37,-194.136,-172.11,3195.93,-298.123,-216.229,3203.09,-250.149,-582.76,3171.99,-255.368,-938.756,3296.57,-96.9413,-222.238,3220.9,-107.842,-591.875,3191.96,-124.741,-946.989,3318.07,-361.822,-272.321,3074.25,168.269,-172.705,3129.5,-174.792,291.655,3113.23,2,2,2,2,2,2,2,2,2,2,2,2,2,2,2,2,2,2,2
2019-06-10-11-27-05-320,223,-159.721,398.096,3118.33,-176.969,219.033,3132.22,-314.327,206.462,3100.22,-372.077,-33.8228,3093.07,-364.179,-318.178,3050.54,-41.9322,205.659,3166.61,114.161,17.9572,3195,346.859,-115.583,3166.72,-183.528,0.225062,3186.5,-194.992,-171.858,3196.49,-298.348,-215.68,3193.33,-250.812,-582.698,3167.42,-255.498,-936.8,3296.72,-98.5907,-222.228,3222.24,-108.363,-591.864,3191.9,-124.759,-946.464,3318.95,-365.494,-270.783,3057.63,308.185,-93.2615,3171.44,-174.792,291.635,3114.21,2,2,2,2,2,2,2,2,2,2,2,2,2,2,2,2,2,2,2
2019-06-10-11-27-05-460,223,-159.605,398.625,3115.52,-177.216,218.91,3132.89,-315,206.355,3095.51,-373.515,-31.3395,3089.66,-367.621,-315.263,3034.03,-38.6518,211.259,3171.67,170.031,91.8314,3202,446.649,47.6005,3173.56,-184.515,0.493375,3185.55,-196.405,-172.035,3195.58,-298.724,-214.705,3185.24,-251.657,-582.192,3165.45,-255.596,-935.448,3296.61,-100.876,-222.101,3221.41,-108.884,-591.924,3192.3,-124.852,-946.093,3320.07,-368.601,-267.941,3043.3,400.587,54.9751,3178.3,-174.786,291.62,3115.36,2,2,2,2,2,2,2,2,2,2,2,2,2,2,2,2,2,2,2
2019-06-10-11-27-05-602,223,-159.864,399.143,3114.76,-176.288,218.725,3133.34,-314.635,206.712,3094.75,-371.993,-29.6749,3087.99,-369.929,-309.448,3018.81,-30.4672,221,3169.32,199.827,207.997,3194.04,454.808,291.286,3146.85,-185.39,0.676638,3183.18,-197.76,-172.567,3192.65,-298.897,-212.941,3178.97,-252.668,-580.797,3163.58,-255.458,-933.413,3296.17,-103.361,-221.412,3218.48,-108.785,-591.568,3193.06,-125.07,-945.489,3321.14,-370.27,-262.82,3030.34,412.35,277.3,3154.72,-173.245,291.61,3116.68,2,2,2,2,2,2,2,2,2,2,2,2,2,2,2,2,2,2,2
2019-06-10-11-27-05-740,223,-160.561,399.75,3115.2,-173.943,218.571,3133.51,-312.954,207.699,3095.34,-369.646,-26.8288,3087.08,-370.421,-307.092,3018.6,-18.4609,235.76,3163.73,189.252,326.837,3157.72,377.205,514.645,3096,-186.209,1.10509,3179.38,-198.963,-173.04,3187.34,-298.679,-209.872,3175.95,-253.402,-577.935,3161.62,-255.249,-930.147,3295.11,-106.731,-219.645,3214.22,-108.296,-590.143,3193.62,-125.342,-944.317,3320.67,-370.291,-260.382,3030.01,345.929,483.25,3106.29,-169.818,291.666,3118.1,2,2,2,2,2,2,2,2,2,2,2,2,2,2,2,2,2,2,2
2019-06-10-11-27-05-881,223,-161.164,400.266,3117,-171.325,218.567,3134.04,-310.151,209.209,3097.33,-368.56,-24.7,3085.74,-368.733,-303.571,3018.58,-7.32134,253.862,3155.5,138.215,420.224,3101.08,231.542,672.909,3045.04,-187.027,2.36688,3176.7,-200.031,-172.511,3181.47,-298.052,-202.804,3174.91,-254.323,-570.979,3158.57,-254.816,-923.007,3292.49,-111.043,-215.421,3209.91,-107.545,-586.148,3193.89,-125.33,-941.021,3318.78,-368.704,-257.093,3029.77,215.978,630.779,3054.38,-166.003,291.784,3119.6,2,2,2,2,2,2,2,2,2,2,2,2,2,2,2,2,2,2,2
2019-06-10-11-27-06-023,223,-158.852,400.565,3117.82,-169.515,218.787,3135.26,-308.213,210.225,3098.19,-372.608,-23.2225,3084.46,-364.85,-300.141,3020.24,1.08352,264.584,3140.74,49.0187,467.034,3045.29,55.9971,741.499,2983.12,-188.59,3.5511,3177.54,-201.43,-171.48,3175.81,-298.015,-184.304,3174.5,-256.375,-552.961,3158.07,-254.212,-907.052,3286.32,-113.483,-200.346,3204.66,-107.304,-571.513,3194.42,-124.676,-928.339,3313.65,-366.142,-253.988,3030.94,54.8382,695.759,2993.48,-163.031,291.93,3120.89,2,2,2,2,2,2,2,2,2,2,2,2,2,2,2,2,2,2,2
2019-06-10-11-27-06-161,223,-153.926,399.345,3116.15,-169.229,219.115,3136.67,-306.694,211.054,3098.18,-375.068,-22.5336,3084.02,-359.626,-297.175,3021.91,-5.33861,250.648,3155.75,-31.5174,443.614,3018.69,-94.7253,709.271,2939.88,-190.395,3.2883,3180.89,-202.545,-171.018,3170.11,-292.868,-173.945,3174.24,-257.426,-543.162,3158.29,-253.925,-898.662,3283.14,-115.533,-184.55,3199.3,-107.245,-555.723,3193.98,-123.962,-914.242,3308.71,-362.199,-251.401,3032.26,-84.1666,665.02,2953.02,-162.077,292.082,3121.72,2,2,2,2,2,2,2,2,2,2,2,2,2,2,2,2,2,2,2
2019-06-10-11-27-06-300,223,-151.253,397.815,3112.46,-169.573,219.309,3137.51,-305.066,210.522,3097.85,-375.041,-23.7376,3084.45,-356.699,-296.439,3023.59,-19.4319,225.335,3164.04,-93.8778,380.805,2990.59,-220.014,624.054,2916.84,-191.325,1.03193,3183.44,-202.932,-172.475,3166.55,-289.541,-171.034,3173.95,-257.785,-539.956,3158.81,-253.714,-896.25,3281.97,-116.269,-178.486,3194.74,-107.172,-548.998,3194.18,-123.653,-908.466,3306.63,-359.756,-250.989,3033.74,-199.009,583.525,2929.13,-162.311,292.186,3122.18,2,2,2,2,2,2,2,2,2,2,2,2,2,2,2,2,2,2,2
2019-06-10-11-27-06-442,223,-150.423,397.065,3112.07,-170.029,219.279,3137.38,-303.766,208.532,3102.11,-375.305,-25.7742,3084.2,-356.604,-297.484,3026.76,-28.229,212.119,3167.83,-144.851,308.763,2974.54,-331.309,500.828,2895.61,-190.557,-0.463775,3182.55,-202.434,-173.593,3167.03,-289.968,-175.653,3173.65,-257.393,-544.298,3159.32,-253.539,-900.327,3283.4,-114.551,-182.433,3193.64,-106.922,-552.731,3194.55,-123.836,-911.992,3307.76,-359.722,-252.199,3036.33,-300.245,468.836,2908.76,-163.208,292.263,3122.38,2,2,2,2,2,2,2,2,2,2,2,2,2,2,2,2,2,2,2
2019-06-10-11-27-06-580,223,-150.393,396.871,3118.76,-170.354,219.1,3136.51,-305.268,211.106,3107.69,-373.103,-27.1688,3084.12,-357.311,-297.631,3026.4,-31.8119,205.607,3161.5,-177.776,218.627,2965.16,-414.045,306.02,2878.62,-188.695,-1.61682,3178.92,-201.119,-174.514,3169.17,-293.393,-187.327,3173.38,-256.042,-555.487,3159.19,-253.238,-910.414,3287.46,-110.289,-194.109,3194.9,-106.781,-564.422,3192.32,-124.391,-922.009,3311.62,-359.943,-252.554,3036.02,-374.673,291.488,2893.04,-164.268,292.325,3122.45,2,2,2,2,2,2,2,2,2,2,2,2,2,2,2,2,2,2,2
2019-06-10-11-27-06-717,223,-150.786,395.974,3130.06,-170.771,218.886,3135.47,-305.997,212.336,3118.65,-369.217,-27.2731,3083.53,-359.498,-297.759,3030.05,-33.0091,203.201,3148.46,-170.266,125.059,2962.5,-422.308,110.904,2876.74,-186.739,-2.41314,3174.67,-199.435,-174.953,3171.4,-297.704,-199.369,3173.77,-254.349,-566.918,3158.81,-252.985,-921.089,3291,-106.123,-208.467,3197.36,-106.702,-578.742,3187.87,-124.975,-933.547,3316.74,-361.119,-252.678,3038.96,-380.313,113.264,2891.04,-165.469,292.363,3122.46,2,2,2,2,2,2,2,2,2,2,2,2,2,2,2,2,2,2,2
